,time_list,u,v,r,x,y,psi,Î´,npm,X_H_ref,X_R_ref,X_P_ref,Y_H_ref,Y_R_ref,N_H_ref,N_R_ref,x_bow,y_bow,x_stern,y_stern
0,0.0,2.0,0.0,0.0,0.0,0.0,0.0,0.3490658503988659,9.0,-22.96,-6.012895132079448,-3.1353055458853816,0.0,-16.520293600936906,-0.0,32.884257611335684,1.75,0.0,-1.75,0.0
1,1.0050251256281406,1.8943268137337608,-0.026571344156605423,0.042861710193380406,1.9561948344253988,0.0035079696183550457,0.023795599748876343,0.3490658503988659,9.0,-20.8305253535458,-4.8073595089122385,-2.644205660833726,11.277811585744649,-13.208111697936838,-8.754760711301126,26.291236592164378,3.7056994060568016,0.045146339432996015,0.20669026279399572,-0.03813040019628592
2,2.0100502512562812,1.7934733384692587,-0.057227003832149,0.06804926344510909,3.80898766017095,0.053654261479632856,0.0804328725028278,0.3490658503988659,9.0,-19.196504641952604,-3.984899950913169,-2.2708543249229556,20.010165151108616,-10.948422633919767,-10.355517248115444,21.793241635316807,5.553329945241744,0.19426006688609065,2.0646453751001554,-0.08695154392682493
3,3.015075376884422,1.6914090966964956,-0.08668614135599897,0.08557354695102334,5.556643119274306,0.18679821830121576,0.15806978943630495,0.3490658503988659,9.0,-17.774734870652182,-3.341133491236843,-1.9394272079427262,26.756531233861047,-9.179688822556814,-9.850680375946702,18.27251133210716,7.284825802438249,0.4622698386403675,3.828460436110364,-0.08867340203793597
4,4.0201005025125625,1.5855481341999922,-0.11308303474263376,0.09881788587507985,7.189875335466872,0.4201198693112417,0.25100780051238436,0.3490658503988659,9.0,-16.439042777356175,-2.80348011224069,-1.6162396028723922,31.741450000107793,-7.702498304271407,-8.865247216387765,15.332108775244315,8.885034878243376,0.8547854011098357,5.494715792690368,-0.01454566248735234
5,5.025125628140703,1.4752975849304593,-0.13569306787727314,0.10893685324014378,8.695620575001758,0.7577369802755259,0.35565627858157656,0.3490658503988659,9.0,-15.127289885206242,-2.3421711652088812,-1.2822483512108285,35.09632590660192,-6.435062388909124,-7.92658345458901,12.809230541151146,10.336102373903428,1.3670968636550773,7.0551387761000885,0.14837709689597467
6,6.030150753768844,1.3614163547185762,-0.15421858825061283,0.11636563025124884,10.06051514471013,1.1933808042259795,0.46908782813245936,0.3490658503988659,9.0,-13.813880310905548,-1.9438238090104338,-0.9268766326073088,36.95516057720052,-5.340612022654442,-7.195668681780677,10.630686463417652,11.62148194257042,1.984508262969384,8.499548346849842,0.40225334548257485
7,7.035175879396984,1.245605786485734,-0.16860204365810808,0.12130528061406731,11.27380502701796,1.7123492583455757,0.5886759108589921,0.3490658503988659,9.0,-12.497229072695298,-1.6021464451549774,-0.5459492030267957,37.49065552058097,-4.401861180722794,-6.689247068778376,8.762068068089143,12.729239115634028,2.6840547763366565,9.818370938401893,0.7406437403544951
8,8.040201005025125,1.1300186346447,-0.17900536773243864,0.12387102322501749,12.33000357507824,2.294463473575216,0.712122506207862,0.3490658503988659,9.0,-11.188961030115689,-1.3136099308405684,-0.13988822197249223,36.91732866100144,-3.6091136229558103,-6.351020215113868,7.18407462922627,13.654712708346697,3.4379868499148225,11.005294441809784,1.1509400972356092
9,9.045226130653266,1.0170972526189421,-0.185673739137522,0.12434970506158355,13.22954704952795,2.916426833234264,0.8369941965653654,0.3490658503988659,9.0,-9.913178148400402,-1.0748027935216087,0.2853143257192083,35.488014291484525,-2.9529964055673688,-6.148538896346095,5.878048954318735,14.401518651213625,4.216035453104999,12.057575447842275,1.6168182133635303
10,10.050251256281406,0.9091529711448627,-0.1889962554768636,0.12305384897297127,13.97920769346126,3.554946168512149,0.9612005941428368,0.3490658503988659,9.0,-8.695656264574652,-0.8819638870143501,0.7208114639486792,33.461811430566584,-2.423175864346355,-6.0346819433006855,4.823421501190357,14.981145792102856,4.989735367833939,12.977269594819665,2.120156969190359
11,11.055276381909547,0.8079579294483237,-0.18950332821951735,0.12026494608996574,14.59129168667831,4.1910305856130075,1.0835382114421543,0.3490658503988659,9.0,-7.5564088184922245,-0.7305855642118644,1.1571343715555031,31.075376659459856,-2.0072673406516124,-5.9500461914043,3.9955401471233465,15.410650204310151,5.737365484522087,13.77193316904647,2.644695686703928
12,12.060301507537687,0.7147963543032917,-0.18771803552326027,0.11630024167812492,15.080810017064282,4.8086761018717015,1.2027557475911141,0.3490658503988659,9.0,-6.510222891746656,-0.6155866420833619,1.584378313612994,28.524342555721095,-1.6913103988419316,-5.8574558222378466,3.3666161267917647,15.710438872450968,6.441485798212476,14.451181161677596,3.175866405530927
13,13.065326633165828,0.630471128758845,-0.18414311706305067,0.11151376273767347,15.465201345820507,5.3946956787718525,1.3174539300692993,0.3490658503988659,9.0,-5.567355763646258,-0.531417543075991,1.9928689650700049,25.963566380773635,-1.4600576999033394,-5.7420707723538795,2.9062990459390345,15.903823202536678,7.088835834370219,15.026579489104336,3.700555523173486
14,14.070351758793969,0.5554651298271744,-0.17923605619323427,0.10629045866446044,15.761891001346118,5.940889890251881,1.4266105893773384,0.3490658503988659,9.0,-4.735055627917543,-0.472442837276945,2.3735017887276353,23.510481951752965,-1.298026027401481,-5.607599581380805,2.583768987548032,16.013342663808757,7.672730547311525,15.51043933888348,4.209049233192238
15,15.07537688442211,0.4894794546576811,-0.17345973365851608,0.10088651026600082,15.986679331105591,6.446079174830121,1.5305036146839386,0.3490658503988659,9.0,-4.010314447293963,-0.4332369690441071,2.721419933234713,21.234042447746173,-1.1903087897216456,-5.4497417155230234,2.369353827708239,16.057172499378737,8.194658802192517,15.916186162832446,4.697499547467726
16,16.08040201005025,0.43193024012131714,-0.16718850577619235,0.09548334281132412,16.15367281786515,6.910506500207642,1.62935570135034,0.3490658503988659,9.0,-3.38569949638639,-0.40924279748023196,3.0342636692457097,19.1662057244934,-1.1243853451513783,-5.267453104753325,2.23813076435104,16.0512524724679,8.657506807262196,16.2560931632624,5.163506193153087
17,17.08542713567839,0.38219690991183414,-0.1606694966931742,0.0902250676829984,16.274683950289162,7.334986457996517,1.723054579764802,0.3490658503988659,9.0,-2.8527485081073953,-0.39691954721652356,3.311050160960019,17.311612571096095,-1.0905274933175513,-5.064083672419267,2.170735453543316,16.00926032196982,9.064740861815103,16.540107578608506,5.60523205417793
18,18.09045226130653,0.3396373219759466,-0.15404542874408256,0.08523310877735771,16.359292860471687,7.721096891044653,1.811248728351475,0.3490658503988659,9.0,-2.4032117061160503,-0.3934994720937307,3.552000642378164,15.657982610882108,-1.0811309141448395,-4.8457408628628205,2.1520312139187103,15.942544295898488,9.420749983274412,16.776041425044884,6.021443798814895
19,19.09547738693467,0.3035116752049667,-0.14752656551256388,0.08064730035044963,16.415168334312852,8.07285199236518,1.8944078800210125,0.3490658503988659,9.0,-2.0298436427090745,-0.39595622963999233,3.7587409726464687,14.206746819879706,-1.087880800028268,-4.628408686743354,2.16546711231129,15.858681081476151,9.73201501552784,16.971655587149556,6.41368896920252
20,20.100502512562812,0.27286763090744715,-0.14124418975916186,0.07648577939012001,16.448087085315482,8.394604954564437,1.9732820928225823,0.3490658503988659,9.0,-1.7213009775833692,-0.40223712643153026,3.9352157880797254,12.93919644517198,-1.1051374221369434,-4.416611630931068,2.19981705914825,15.762600397126057,10.004762710908546,17.133573773504907,6.784447198220329
21,21.105527638190953,0.24691065190474557,-0.1352684213780024,0.07275122675736881,16.46263204023728,8.689974799277426,2.0483732332937024,0.3490658503988659,9.0,-1.4677949244616646,-0.4109249532370781,4.0851532644833695,11.83431298035226,-1.129007030109319,-4.214064293835467,2.2473303998070793,15.658282077087385,10.244169490035556,17.266982003387177,7.135780108519295
22,22.110552763819094,0.22504074996565163,-0.12962506501219917,0.06944930694120063,16.46227469888128,8.961920298106255,2.119961659403658,0.3490658503988659,9.0,-1.2617494923429373,-0.4210644883830854,4.211583176498012,10.871962957526865,-1.1568651739667404,-4.024100857408199,2.302783069191184,15.5488176219637,10.454601164409963,17.37573177579886,7.4692394318025475
23,23.115577889447234,0.2067682044979508,-0.12432141530145342,0.06658773231616494,16.44947545453231,9.213040092029495,2.18825949328458,0.3490658503988659,9.0,-1.097002072967266,-0.43194004425335814,4.317142066397172,10.034855491818558,-1.1867455181443318,-3.850062643793503,2.3622610033724247,15.436280371321283,10.639902286972301,17.462670537743332,7.786177897086688
24,24.120603015075375,0.1914709303488702,-0.11938388485181008,0.06413761981884333,16.42598230206789,9.446165262879326,2.2538480508078376,0.3490658503988659,9.0,-0.96601095750585,-0.4428513970948609,4.405357648007813,9.308961817887193,-1.2167242136920626,-3.694341597841662,2.421934709606524,15.321447000102815,10.80355310970606,17.530517604032966,8.088777416052592
25,25.125628140703515,0.17863429523170332,-0.11480009688849319,0.0620485464844221,16.393053156071076,9.663518620656507,2.3172100625977254,0.3490658503988659,9.0,-0.8621787853372804,-0.45351236406803264,4.479220623051578,8.677358478715728,-1.2460149797204036,-3.5554253942826564,2.4802390665977763,15.204785038878164,10.948243837059925,17.58132127326399,8.37879340425309
26,26.130653266331656,0.16785194358203226,-0.11055434692326326,0.060282085793803966,16.351715803717354,9.866922460572939,2.3787143130092305,0.3490658503988659,9.0,-0.7803456720589889,-0.46371199852331446,4.541115401342628,8.126847762978633,-1.274038245072982,-3.4325779821020372,2.536020416446954,15.08672819810144,11.076181058904213,17.61670340933327,8.657663862241664
27,27.135678391959797,0.1588230345354258,-0.10662896745812858,0.05881227109363079,16.30277374578242,10.057811706300207,2.4386205421273055,0.3490658503988659,9.0,-0.7166660036548218,-0.4733030815169178,4.592821709053547,7.6471234389458616,-1.3003895290260221,-3.3255051471804924,2.588473625259907,14.96765652661769,11.18916576718912,17.637890964947154,8.926457645411293
28,28.140703517587937,0.15132656769840094,-0.10300562747506233,0.05762144293099098,16.24679765910559,10.237291814176691,2.4971151584951445,0.3490658503988659,9.0,-0.668257258390474,-0.4821895527099533,4.635656144891521,7.229902534340065,-1.3248049079675213,-3.2340085512792216,2.637073343290651,14.84782353189022,11.28865825428309,17.645771786320957,9.185925374070292
29,29.145728643216078,0.14508924152022462,-0.099665276937911,0.05667206929713055,16.1841269054913,10.406387475977118,2.5545060693113477,0.3490658503988659,9.0,-0.6318038129271891,-0.49032283223083745,4.671222500663404,6.86671634509077,-1.3471509097972632,-3.156689005488541,2.6815538893695012,14.727150298300204,11.37577860761487,17.641103512682395,9.436996344339365
30,30.15075376884422,0.13989877039278886,-0.09658159584198671,0.05592623714720777,16.115050112322322,10.565828049734492,2.611049570517553,0.3490658503988659,9.0,-0.6047014494169745,-0.4977540312143652,4.700765740836026,6.5492016705566245,-1.3675679612039797,-3.091321638437826,2.7221947880327235,14.605618418114165,11.451331274189318,17.62448180653048,9.680324825279666
31,31.15577889447236,0.1355826831419814,-0.09373122546109978,0.055352969863683425,16.03984039823288,10.716197902380578,2.6669521401049296,0.3490658503988659,9.0,-0.5849164506353247,-0.5045291410761458,4.725293241097799,6.27064550866812,-1.3861824225635462,-3.036189350397694,2.7592475642987293,14.483290523698773,11.515980677943956,17.596390272766985,9.916415126817201
32,32.1608040201005,0.13200038238724995,-0.09109463149308969,0.054927456638457245,15.958752959199995,10.85795883187826,2.7223803214351756,0.3490658503988659,9.0,-0.5708642931725864,-0.5106824560095377,4.745622849216547,6.025762361303622,-1.4030885163978335,-2.9900409505740377,2.792899771594645,14.360285744752753,11.57028078460559,17.557220173647238,10.145636879150931
33,33.16582914572864,0.12904314454160237,-0.08865610405982507,0.05463105247286793,15.87202506854351,10.991450067221553,2.777460723240518,0.3490658503988659,9.0,-0.561364833619731,-0.5162381422210535,4.762385432138491,5.810472570499359,-1.4183526388135483,-2.952021271604756,2.823283573835354,14.23676685300316,11.614692049526816,17.507283284083858,10.36820808491629
34,34.17085427135678,0.12663257759493454,-0.08640361184235999,0.05445083985251608,15.779873483714358,11.116890190068235,2.8322826183318144,0.3490658503988659,9.0,-0.5555864559825061,-0.5212123558415016,4.776035656164675,5.62169417772114,-1.4320191784152732,-2.9215956417480964,2.8504873281858916,14.112921793652344,11.64959279283961,17.44682517377637,10.58418758729686
35,35.175879396984925,0.12467467613849173,-0.0843223655133874,0.054366182914675924,15.68244902174212,11.23442576720841,2.8869744494163836,0.3490658503988659,9.0,-0.5525948495058199,-0.525654803464629,4.787113353466092,5.455849816145015,-1.4442247029469257,-2.8976340448955726,2.874782877809633,13.988869841786288,11.675208662997406,17.376028201697952,10.793642871419415
36,36.18090452261306,0.12309966948813125,-0.08239549232528107,0.0543604410115227,15.579983622147667,11.34409642940027,2.94163002018791,0.3490658503988659,9.0,-0.5517342670993648,-0.529628639512253,4.796018734079052,5.309638700576314,-1.4551427277563875,-2.8790788721415823,2.8965156114470627,13.864854120828051,11.691703669979525,17.295113123467285,10.996489188821016
37,37.1859296482412,0.12185868766310791,-0.08060867655113504,0.05442219487568763,15.47275233672881,11.445895331515214,2.9963093431382384,0.3490658503988659,9.0,-0.5525733478742105,-0.5331843089750311,4.803031968677246,5.180497986921991,-1.4649118493164148,-2.865203492540727,2.9159614105216125,13.74118870932299,11.699247663742888,17.20431596413463,11.19254299928754
38,38.19095477386934,0.12090660375622288,-0.07894941274459712,0.054540649845192406,15.361035167695809,11.539797496628545,3.0510672852200167,0.3490658503988659,9.0,-0.5547354340739551,-0.5363673846972188,4.808410736382772,5.066211067025379,-1.4736572779875394,-2.855348614378991,2.9333695109034674,13.61820075931101,11.698000609587838,17.103869576080605,11.38159438366925
39,39.19597989949749,0.12020203393382364,-0.07740700573986896,0.05470563586344931,15.245117067671384,11.62575981601947,3.105953567846696,0.3490658503988659,9.0,-0.5578935382896296,-0.5392188203889402,4.812390578602804,4.964869233343336,-1.481491533163571,-2.8489141348326363,2.948963886622489,13.496228326420848,11.688115014095656,16.99400580892192,11.563404617943283
40,40.201005025125625,0.11970733743580401,-0.07597257065170598,0.05490760747926112,15.125287939690715,11.703721049171095,3.16101276689253,0.3490658503988659,9.0,-0.5617660702412982,-0.5417751321343179,4.815185181433978,4.874839992131555,-1.488514941961083,-2.845352468190424,2.96294424252815,13.375617927520134,11.669737987051839,16.874957951861294,11.737704111290352
41,41.20603015075376,0.11938861657560415,-0.07463903287541737,0.05513764384682115,15.001842637201433,11.773601823770436,3.216284312692578,0.3490658503988659,9.0,-0.5661131804521075,-0.5440685192144583,4.81698659601097,4.794741063641884,-1.4948159711778377,-2.8441632572743725,2.9754866750650972,13.256721856648648,11.643012921934023,16.746963417754216,11.904190725606849
42,42.211055276381906,0.1192157167402105,-0.07340112808686611,0.05538744872571326,14.875080964063628,11.83530463570841,3.271802490042702,0.3490658503988659,9.0,-0.5707336038462444,-0.5461269354083547,4.817965406033674,4.723419220189932,-1.5004714231904075,-2.8448893751569178,2.9867440622146417,13.13989529170988,11.608080775917506,16.610266636417375,12.062528495499313
43,43.21608040201005,0.11916208989444883,-0.0722549818956227,0.055649391521207396,14.745310972687255,11.888710359778273,3.3275973467426603,0.3490658503988659,9.0,-0.5754623496650569,-0.547974979342102,4.818271623928351,4.65990622521485,-1.5055488821685385,-2.8471108813505257,2.996850932775246,13.02549681938068,11.565075877551202,16.465125125993833,12.212344842005344
44,44.22110552763819,0.11920784219249161,-0.07119271615774639,0.05591872464976706,14.612920541289968,11.933662708169557,3.3836917072515296,0.3490658503988659,9.0,-0.5802133576733177,-0.5496407910007116,4.81801761719974,4.6031702588675785,-1.5101256620856327,-2.850508509165664,3.005961183080699,12.913955992924114,11.51411597251784,16.31188508965582,12.353209443821273
45,45.226130653266324,0.11934427940186605,-0.07020739011799935,0.05619428865100129,14.478362454740346,11.970059067205655,3.4400782537116017,0.3490658503988659,9.0,-0.5849906204123233,-0.5511423254706364,4.817252490668529,4.552509363419524,-1.5142510941362837,-2.854984090549586,3.0141730087049106,12.80574232858429,11.455431130169876,16.1509825808964,12.484687004241435
46,46.23115577889447,0.11956368252770545,-0.069293408012912,0.0564749845778728,14.34209436160779,11.99782471585015,3.496746777763379,0.3490658503988659,9.0,-0.5897966347076854,-0.5524942344689897,4.8160197905229225,4.507349874561055,-1.517965433582417,-2.860452638956968,3.021566539240934,12.70130677679865,11.389288684430328,15.982881946416931,12.606360747269973
47,47.23618090452261,0.11985789472472813,-0.06844564651969288,0.056759471788323176,14.204579148353972,12.016900939810975,3.5536892848630046,0.3490658503988659,9.0,-0.5946247583532149,-0.5537105669071348,4.814365496167241,4.4671605622668045,-1.5213072794907707,-2.8668125977437575,3.0282186075638275,12.601083774317141,11.315971139158666,15.808074522390802,12.717830740463285
48,48.24120603015075,0.12021832129723739,-0.06765945475622862,0.057046167945272896,14.066284939332826,12.027245031540422,3.610899994282263,0.3490658503988659,9.0,-0.5994602134178526,-0.5548047953833347,4.812338033589207,4.4314483466551415,-1.5243136475208543,-2.873946391285146,3.0342028947177884,12.505491841493095,11.23577494004242,15.627078037172558,12.818715123038425
49,49.24623115577889,0.12063592969912151,-0.0669306542810839,0.057333249016621304,13.927685096790558,12.028830290235137,3.6683753391085827,0.3490658503988659,9.0,-0.6042809482739153,-0.5557898393849977,4.8099882874859805,4.39975451287603,-1.5270200336725925,-2.8817207080903984,3.0395900568082044,12.414934238385847,11.14900937641471,15.44043595519527,12.908651204055563
50,50.25125628140703,0.12110124953385376,-0.06625553909350157,0.05761864927524662,13.789258220865639,12.021646021836114,3.726113966245032,0.3490658503988659,9.0,-0.609058375618751,-0.5566780853068893,4.8073696118517635,4.371651384540497,-1.5294604692859126,-2.889986583426684,3.0444478344803727,12.329799658741138,11.055995616440102,15.24871678299014,12.987296427232126
51,51.256281407035175,0.12160437255449238,-0.06563087563340256,0.05790006129900595,13.651488149588808,12.005697539028706,3.784116736410321,0.3490658503988659,9.0,-0.6137580003240782,-0.5574814033611705,4.804537838761835,4.3467394202248615,-1.53166756750069,-2.8985793471685013,3.048841145399747,12.2504629406864,10.957065876327276,15.052513358491215,13.054329201730136
52,52.26130653266331,0.1221349526636806,-0.06505390278138587,0.05817493597073525,13.514863958883074,11.98100616124262,3.842386724138802,0.3490658503988659,9.0,-0.6183399477586983,-0.5582111614217489,4.801551285131406,4.324644702035357,-1.5336725612937943,-2.9073185017049545,3.0528321599660875,12.177285773039166,10.852562721475028,14.852442144726982,13.109449601010212
53,53.26633165829145,0.12268220591364665,-0.06452233185872863,0.0584404824782494,13.379879962563711,11.947609214651916,3.900929217780469,0.3490658503988659,9.0,-0.6227594002272511,-0.5588782358070776,4.7984707572813265,4.305016789186016,-1.5355053331045816,-2.916007594662078,3.056480360284108,12.110617376457064,10.742838494759594,14.649142548670358,13.152379934544237
54,54.27135678391959,0.12323491050620373,-0.06403434662738608,0.058693668314342105,13.24703571233826,11.905560032175007,3.959751719500957,0.3490658503988659,9.0,-0.6269669462696759,-0.559493018959651,4.795359553204007,4.287526913124364,-1.5371944359341378,-2.9244341518040247,3.0598425821622963,12.050795139236177,10.628254864541054,14.443276285440342,13.18286519980896
55,55.27638190954774,0.12378553355045012,-0.06358862563237548,0.058933567012989505,13.11684488624932,11.854944546917588,4.018852279378952,0.3490658503988659,9.0,-0.6309517300681056,-0.5600563455337364,4.792260067992628,4.272035263334184,-1.5387421629762164,-2.932559850500433,3.062923390287937,11.99813837755286,10.50921212648618,14.23555139494578,13.200676967348997
56,56.281407035175874,0.1243458757408122,-0.06318306739885068,0.059169067538040035,12.989873005955099,11.795977013310472,4.078176407565331,0.3490658503988659,9.0,-0.634884323309271,-0.5605362075315422,4.789105225383201,4.259032317055509,-1.5400605729796422,-2.9410943864382766,3.065547734336372,11.952922064376434,10.386284584175973,14.026823947533764,13.20566944244497
57,57.28643216080401,0.12491172653150943,-0.06281390193548314,0.05939827624698896,12.866649170530826,11.728877235279443,4.1377173684683966,0.3490658503988659,9.0,-0.6387399021635944,-0.5609504660224125,4.785918912765324,4.248104094575883,-1.5411987388291257,-2.9498060908121304,3.0678132957060997,11.915420604457525,10.25997825472083,13.817877736604126,13.197776215838056
58,58.291457286432156,0.1254767379463096,-0.06247759664628366,0.0596181152106431,12.747678555055208,11.653884285730841,4.197475255358006,0.3490658503988659,9.0,-0.6424697675500808,-0.5613207089913848,4.782737163190015,4.238774545364593,-1.5422159730260891,-2.9583714607571405,3.069838138132756,11.885873970292147,10.130797663873317,13.609483139818268,13.176970907588366
59,59.2964824120603,0.12603558581011348,-0.062171001353915296,0.05982623690925835,12.63344834610455,11.571266218169487,4.2574479396740506,0.3490658503988659,9.0,-0.6460362127452781,-0.5616642223007534,4.779590212608922,4.230652278200241,-1.5431597680868614,-2.966535838603507,3.071716797232918,11.864481979736748,9.999264078414233,13.402414712472353,13.143268357924741
60,60.30150753768844,0.12658396974895483,-0.061891348299693345,0.06002102423253958,12.52442774175275,11.481320066698675,4.3176310710264625,0.3490658503988659,9.0,-0.649412697154583,-0.5619939876128234,4.77650248814639,4.223429388773915,-1.5440657908354933,-2.9741142243064886,3.073520269143735,11.85140446652178,9.865913099090395,13.197451016983718,13.096727034306955
61,61.306532663316574,0.1271186131900004,-0.06163625214358532,0.06020159047964073,12.42106795157129,11.38437184602018,4.378018077195212,0.3490658503988659,9.0,-0.6525840470349376,-0.5623186802473841,4.773492595728964,4.216880573984974,-1.5449578765172118,-2.980992069802447,3.075295998805547,11.846761737722481,9.731292182865786,12.995374165420099,13.037451509174574
62,62.31155778894472,0.12763726336154993,-0.06140370996421098,0.06036777935916476,12.323802196629254,11.280776551434254,4.438600164130307,0.3490658503988659,9.0,-0.6555466657000508,-0.5626426674539746,4.7705733075701096,4.210862439188227,-1.5458480240515116,-2.9871259762008657,3.077067870512981,11.850635334086181,9.595958127926503,12.796969059172326,12.965594974942006
63,63.31658291457286,0.12813869129303612,-0.06119210125884232,0.06052016498916364,12.233045709493318,11.170918158839628,4.499366315951793,0.3490658503988659,9.0,-0.6583087406755778,-0.5629660073932092,4.76775154991693,4.205312931701841,-1.5467363932333664,-2.9925442470454886,3.078836202343865,11.86306910545357,9.460474557763224,12.603022313533065,12.881361759916032
64,64.321608040201,0.12862269181502473,-0.061000187943403554,0.06066005189713841,12.149195734227746,11.055209624733516,4.560303294949755,0.3490658503988659,9.0,-0.6608904401386434,-0.5632844489319876,4.765028391379757,4.200250861007765,-1.5476113041705766,-2.9973472828179193,3.0805777450392418,11.884070609312593,9.325409443169551,12.414320859142899,12.78500980629748
65,65.32663316582914,0.1290900835592144,-0.060827114352471144,0.060789475020039105,12.072631526394398,10.934092886211605,4.621395641584314,0.3490658503988659,9.0,-0.6633240957725433,-0.5635894321627242,4.762399032085247,4.195775493293674,-1.5484492387103375,-3.0017078333731018,3.0822456848430098,11.913612835819267,9.19133270304016,12.231650216969529,12.67685306938305
66,66.33165829145727,0.12954270895843686,-0.06067240723927378,0.0609111997042648,12.003714353052727,10.808038860968061,4.682625674485632,0.3490658503988659,9.0,-0.6656543738969135,-0.5638680893559727,4.759852793818845,4.192066235309129,-1.5492148430565564,-3.005871156084004,3.083769648711787,11.95163625745893,9.058813926330059,12.055792448646525,12.557263795606064
67,67.33668341708542,0.12998343424665676,-0.06053597577569238,0.061028721705663605,11.942787492759777,10.677547447295527,4.743973490453908,0.3490658503988659,9.0,-0.6679384414025569,-0.5641032458490568,4.757373111252888,4.189382449943009,-1.549860930211343,-3.010155158159402,3.085055709174791,11.998051195972153,8.928420258350352,11.887523789547402,12.426674636240703
68,68.34170854271356,0.1304161494589718,-0.06041811155226011,0.06114626718953265,11.890176235570191,10.543147524085136,4.805416964459378,0.3490658503988659,9.0,-0.6702461376362737,-0.5642734201609232,4.754937524290725,4.188063473475448,-1.5503284802905672,-3.014950631940169,3.085986384961965,12.052740493318536,8.800714494639605,11.727611977821846,12.285580553530666
69,69.3467336683417,0.13084603440712012,-0.06031931286922046,0.061269030221038454,11.846169092198071,10.40538778996043,4.866929657313678,0.3490658503988659,9.0,-0.6726632982095556,-0.5643522293326879,4.752516155645856,4.188534669036676,-1.5505450067104367,-3.0207397768678277,3.0864173888377224,12.115540058627694,8.676243700404916,11.576798125768448,12.134531879515945
70,70.35175879396985,0.13127479787751853,-0.06023780956334987,0.06139925688961432,11.810902581688518,10.264790527701452,4.928490944180554,0.3490658503988659,9.0,-0.6752206811820162,-0.5643334395721812,4.750099083088196,4.190844418449348,-1.5504933822677274,-3.027696756296611,3.0863146284683185,12.186144391222479,8.55549430282477,11.435660772154558,11.974086752578135
71,71.35678391959799,0.13169413216724402,-0.06017046094623135,0.06153060517310667,11.784542721321637,10.121935953537108,4.990120821595632,0.3490658503988659,9.0,-0.6778074980847132,-0.5642543938775775,4.747733854942255,4.1943031863047056,-1.5502762060066988,-3.035194158499338,3.085882331059613,12.264349169478232,8.438996331237082,11.304736273165043,11.804875575837134
72,72.36180904522612,0.13209613740738266,-0.06011449516407782,0.061656938675829186,11.767236407706601,9.977413933092159,5.05183981282618,0.3490658503988659,9.0,-0.680317259781586,-0.5641506356521019,4.745465752147639,4.198261616447708,-1.549991132625122,-3.0426263356958776,3.0853148819122582,12.349932703009301,8.32727302170292,11.184540112403901,11.627554844481397
73,73.36683417085426,0.13247443261081698,-0.06006750174132567,0.061773275377427696,11.759091037536368,9.831812299632373,5.113663758434029,0.3490658503988659,9.0,-0.6826628345179024,-0.5640515599846204,4.743331409007261,4.202180584032018,-1.549718924465899,-3.0494950999957,3.084773041467529,12.442627341885931,8.220825607993941,11.075554733186806,11.442798991270806
74,74.3718592964824,0.13282415567222575,-0.060027431580634776,0.061875787632880194,11.760174507587694,9.68571685406452,5.175603816275574,0.3490658503988659,9.0,-0.6847765515288199,-0.5639804044930294,4.741358794871595,4.205631166337313,-1.5495234263594826,-3.0554106421201706,3.084383895230227,12.542120829379124,8.120130717872438,10.978228185796263,11.251302990256601
75,75.37688442211055,0.13314196336808423,-0.05999259696288849,0.061961802172496874,11.770515214721115,9.539711364936363,5.237666461501767,0.3490658503988659,9.0,-0.6866103460197548,-0.5639542394238345,4.739567197110393,4.208294911537031,-1.5494515384226912,-3.0600926187714323,3.0842407996237142,12.64805813347192,8.025637910393844,10.89297229597031,11.053784819478881
76,76.38190954773869,0.1334260313566639,-0.05996167154719368,0.06202980010192007,11.790102055880961,9.394377568436678,5.299853486558126,0.3490658503988659,9.0,-0.6881359111142595,-0.5639839586477634,4.737967206012015,4.209964195834927,-1.5495331913193595,-3.063371162035694,3.084403332745317,12.76004374163933,7.937767419416628,10.820160370122592,10.850987717456729
77,77.38693467336682,0.1336760541780327,-0.05993369037088064,0.06207941690212432,11.818884428095352,9.250295168395235,5.3621620011847275,0.3490658503988659,9.0,-0.6893448313162499,-0.5640742727252893,4.736560702020083,4.210542514496643,-1.549781327208021,-3.0651876349218097,3.0848972564419816,12.877644395543097,7.856908168552747,10.760124460647607,10.643682168237723
78,78.39195979899498,0.13389324525405485,-0.059908049849503195,0.062111442429416304,11.856772228476197,9.108041836282803,5.424584432416213,0.3490658503988659,9.0,-0.6902486809976924,-0.56422370474106,4.735340845500431,4.210044607112438,-1.5501918882970942,-3.0655950281393647,3.0857144935289487,13.000392233772159,7.783416121793286,10.713152223180236,10.43266755077232
79,79.39698492462311,0.134080336888391,-0.059884507776838625,0.062127820915434895,11.903635854219191,8.968193211211158,5.487108524581783,0.3490658503988659,9.0,-0.6908790803841119,-0.5644245891224119,4.734292069025629,4.2085963720494695,-1.5507438135987799,-3.0647579643374363,3.0868131213282646,13.127788301755158,7.717613031777748,10.679483406683223,10.218773390644568
80,80.40201005025125,0.13424158026649813,-0.059863183324887694,0.062131650967151134,11.959306202603825,8.831322899933076,5.549717339305201,0.3490658503988659,9.0,-0.6912877104563961,-0.5646630731662643,4.733390071968419,4.206434579583481,-1.5513990431241644,-3.062952347069978,3.0881173800192894,13.259306378697794,7.659785643950301,10.659306026509856,10.002860155915851
81,81.40703517587939,0.13438274545562956,-0.059844557043874654,0.06212718556686823,12.023574670993371,8.69800247684233,5.612389255504793,0.3490658503988659,9.0,-0.6915462971099734,-0.56491912050342,4.73260181700842,4.20390644771879,-1.5521025274013114,-3.060564762561911,3.0895176915848115,13.394397062121863,7.610185409509423,10.65275227986488,9.785819544175236
82,82.41206030150752,0.13451112140483495,-0.05982947086224725,0.06211983207222156,12.0961931568349,8.568801483973697,5.675097969393444,0.3490658503988659,9.0,-0.6917465838070087,-0.5651665152323821,4.731885527977359,4.201469199267678,-1.552782238832827,-3.058091812809668,3.090870682418707,13.532492041612151,7.569028753005491,10.659894272057649,9.568574214941904
83,83.41708542713567,0.13463551594496043,-0.05981912808667668,0.062116152216178694,12.176874057659264,8.444287431002953,5.7378124944786055,0.3490658503988659,9.0,-0.6920003208232687,-0.5653728649577583,4.731190688295967,4.199689773393566,-1.5533491800438084,-3.056139628634796,3.091999199942835,13.673008485051193,7.536497931629546,10.680739630267334,9.352076930376361
84,84.42211055276381,0.13476625578864831,-0.059815093402057644,0.06212386210703935,12.26529027108111,8.325025795246884,5.800497161562287,0.3490658503988659,9.0,-0.6924393080327429,-0.5654996004710502,4.730458039087814,4.199244919521936,-1.553697383004821,-3.0554238811143226,3.092692310861295,13.815353453301817,7.512742512688506,10.715227088860402,9.137309077805261
85,85.42713567839195,0.1349151865303374,-0.05981929287150833,0.062151832228435434,12.36107519479887,8.211580021663263,5.86311161874106,0.3490658503988659,9.0,-0.6932155369991484,-0.5655019693111266,4.729619575887387,4.200921956244595,-1.5537038913394414,-3.0567706795937557,3.0927052659429326,13.958928253352767,7.497881483574556,10.763222136244973,8.92527855975197
86,86.4321608040201,0.13509169396877338,-0.05983314264657002,0.0622070555038237,12.463829309647227,8.104476795426722,5.925623591399665,0.3490658503988659,9.0,-0.6944489229003068,-0.5653450259885708,4.728621394948881,4.2053357355366305,-1.553272693104585,-3.0608309902972626,3.0918469498512766,14.103147034222243,7.491992185094188,10.824511585072212,8.716961405759257
87,87.43718592964824,0.13527132491573823,-0.059850987190906146,0.062270782234647715,12.57317783155887,8.003969290200985,5.9881107877473365,0.3490658503988659,9.0,-0.6958144674398069,-0.5651286840359524,4.727603925473413,4.210707933932769,-1.5526782984748853,-3.0658214282120175,3.090663785278176,14.247543660876588,7.495049778280694,10.89881200224115,8.512888802121276
88,88.44221105527637,0.1354408999845059,-0.05987014158110814,0.062332907161352855,12.688709277777305,7.910440954436817,6.050616928865043,0.3490658503988659,9.0,-0.697138205193433,-0.5649057479460471,4.726642858313601,4.216104186496386,-1.552065786601889,-3.070786187346973,3.0894445576598204,14.391595168244173,7.507105307550926,10.985823387310436,8.313776601322708
89,89.44723618090451,0.1355942130583202,-0.05988938886223434,0.062388591307084476,12.809982049363729,7.824291586927249,6.113163285272522,0.3490658503988659,9.0,-0.6983371741193173,-0.5647014477737592,4.725773866453052,4.221080033880043,-1.5515044764917372,-3.0752660184770257,3.0883272490509084,14.53474887103079,7.528184493333554,11.085215227696668,8.120398680520944
90,90.45226130653265,0.1357267858720612,-0.05990778042720944,0.06243425610917113,12.936532709276829,7.7458849457181715,6.175765293174017,0.3490658503988659,9.0,-0.6993499413975683,-0.5645347332295471,4.725022725393159,4.22530182497831,-1.5510464320460196,-3.0789178391674814,3.087415494580058,14.676445737406691,7.558261241075143,11.196619681146966,7.9335086503612
91,91.4572864321608,0.13583586801224495,-0.05992463601682445,0.06246758341912456,13.067875982372781,7.675548748108338,6.23843255445828,0.3490658503988659,9.0,-0.7001367089680315,-0.5644182667548194,4.724405305417939,4.228547240308436,-1.5507264430365821,-3.081515526562974,3.0867785445794507,14.816123817073136,7.597257570664622,11.319628147672427,7.753839925552054
92,92.46231155778894,0.13592043691702377,-0.0599395437197367,0.06248751550263969,13.203504755405243,7.613574670649367,6.301168836698567,0.3490658503988659,9.0,-0.700679409464194,-0.5643584175754337,4.723927565350307,4.230705772341375,-1.550562008767647,-3.082950609722526,3.0864512320636805,14.953221781614468,7.645044151000123,11.453787729196018,7.582105190298611
93,93.46733668341707,0.13598119787618615,-0.05995235997246987,0.06249425503959465,13.342890077025366,7.560218349145735,6.363972073152646,0.3490658503988659,9.0,-0.700981774745464,-0.5643552577966521,4.723585548172337,4.231779051372123,-1.550553327346794,-3.083232709518784,3.0864339513732357,15.087182493389564,7.701441457079067,11.598597660661168,7.418995241212404
94,94.47236180904522,0.13602058403115663,-0.059963209559413956,0.062489265124050765,13.485481157781793,7.515699378654782,6.426834362762791,0.3490658503988659,9.0,-0.7010693682196005,-0.5644025610284731,4.723365378607893,4.231880961498889,-1.5506832919080895,-3.0824896543672082,3.0866926506565067,15.217456514965653,7.766221557528916,11.753505800597933,7.265177199780648
95,95.47738693467336,0.136042756374996,-0.05997248561282529,0.06247526926425256,13.630705370120644,7.4802013134867105,6.489741970155779,0.3490658503988659,9.0,-0.7009895811490813,-0.5644878034523305,4.723243262493938,4.231237547195571,-1.5509174935428174,-3.08096728038373,3.0871588377035066,15.343505467794744,7.839110529595181,11.917905272446545,7.12129209737824
96,96.4824120603015,0.13605360375240114,-0.05998084961282652,0.06245625138262774,13.777968248385543,7.453871667204584,6.552675325642901,0.3490658503988659,9.0,-0.700811602134226,-0.5645921666605757,4.7231854874964085,4.230186766874636,-1.5512042291008927,-3.0790290048457694,3.0877295954748787,15.464805146878149,7.919791486362181,12.091131349892937,6.987951848046988
97,97.48743718592964,0.13606074285970512,-0.05998923138740665,0.06243745581578721,13.926653488817589,7.436821912624329,6.61560902521995,0.3490658503988659,9.0,-0.7006263779500124,-0.5646905410208816,4.723148424457641,4.229178205801207,-1.5514745104344863,-3.0771553419247026,3.0882676005016725,15.580848297946387,8.007908187587526,12.272458679688791,6.865735637661132
98,98.49246231155777,0.13607351824487712,-0.059998829112420986,0.06242538731452508,14.076122949555375,7.429127481814733,6.678511830567228,0.3490658503988659,9.0,-0.7005465928772849,-0.5647515277399304,4.723078528394865,4.228772916758148,-1.5516420700679596,-3.0759436095151957,3.0886011341715642,15.691146965559629,8.103069191259616,12.46109893355112,6.75518577236985
99,99.49748743718592,0.13610300230752256,-0.06001110931159117,0.062427811043818636,14.225716650634988,7.430827766097447,6.741346669049547,0.3490658503988659,9.0,-0.7007067026172403,-0.564737437223668,4.722912337902403,4.229643612954385,-1.5516033566927,-3.07610815569332,3.088524073761151,15.795234324817727,8.204852488201336,12.656198976452249,6.656803043993557
100,100.50251256281406,0.13615419190320582,-0.06002666519328373,0.062448148554988724,14.374813797205636,7.441917189700989,6.8040969971441445,0.3490658503988659,9.0,-0.7011661766128207,-0.5646319586684375,4.722621226616178,4.23208279743291,-1.5513135567439678,-3.0779618325189397,3.087947216206432,15.89270397949105,8.312841637929168,12.856923614920223,6.57099274147281
101,101.5075376884422,0.13620687762255063,-0.06004246644929584,0.062471719730904006,14.522957662158074,7.462332583735861,6.866831616041877,0.3490658503988659,9.0,-0.7016718495693152,-0.564507990568167,4.722321129835753,4.234796525448242,-1.550972957187742,-3.080140969587136,3.0872692401474233,15.98326061323835,8.426705587851092,13.062654711077798,6.49795957962063
102,102.51256281407035,0.13625555145713164,-0.06005769197077976,0.06249439248842234,14.66955844228373,7.49200060187962,6.929569846058167,0.3490658503988659,9.0,-0.7021530347404972,-0.5643861841452867,4.722043671794146,4.237421498013504,-1.5506382967913337,-3.082260168677142,3.08660308620648,16.066525024975192,8.54603303346953,13.272591859592268,6.437968170289709
103,103.51758793969849,0.13629723580699366,-0.06007188799187305,0.0625138579803642,14.814027582803625,7.530814115219092,6.992322430910186,0.3490658503988659,9.0,-0.702570471872986,-0.5642781903192818,4.721805965388033,4.239754181437567,-1.5503415861929448,-3.084102764511414,3.086012472747112,16.142144662414804,8.670377638172104,13.485910503192448,6.391250592266081
104,104.52261306532662,0.13632982802662086,-0.06008472369421892,0.06252844239788864,14.955792030009391,7.5786299471475225,7.055097122691961,0.3490658503988659,9.0,-0.7028958028769989,-0.5641925321463628,4.721620105262155,4.241646344371841,-1.550106242297058,-3.0855107983359606,3.0855440119868764,16.209804363496897,8.799266284252568,13.701779696521886,6.3579936100424765
105,105.52763819095476,0.13635210042493673,-0.06009599120696621,0.06253710697049332,15.094294231263254,7.635268873364566,7.117898681874368,0.3490658503988659,9.0,-0.7031115974387997,-0.5641346034078906,4.721493166712333,4.243005195079945,-1.549947084396168,-3.086385192663546,3.085227202277548,16.269226957758537,8.93220105671509,13.91936150476797,6.338336690014042
106,106.5326633165829,0.13636370026530398,-0.06010560560676945,0.0625394479660145,15.228992134998041,7.700515621876297,7.180728877305132,0.3490658503988659,9.0,-0.703211374127152,-0.5641066674830995,4.72142720488727,4.24379349553991,-1.549870331073613,-3.086685893075727,3.0850744219400794,16.320173622454707,9.06866143334226,14.137810647541375,6.332369810410334
107,107.53768844221105,0.1363651497655247,-0.06011360491778879,0.06253569669062702,15.359359190717187,7.774118872995199,7.243586486208833,0.3490658503988659,9.0,-0.7031996133859508,-0.5641078567428527,4.721419254375308,4.2440296290734665,-1.5498735985379308,-3.086431943449416,3.0850809259490855,16.362443961255842,9.208106649481952,14.356274420178535,6.340131096508448
108,108.54271356783919,0.13635784609784016,-0.060120150111690036,0.06252671948884432,15.484884348994719,7.8557912593401715,7.306467294186897,0.3490658503988659,9.0,-0.7030917609991254,-0.5641341725551012,4.721461329192173,4.243787611996023,-1.5499459006378584,-3.0857014811670673,3.085224845962694,16.3958757766973,9.349978201677848,14.573892921292138,6.361604317002495
109,109.54773869346732,0.13634406138893107,-0.06012552510764466,0.06251401774351845,15.605072061475273,7.9452093658365275,7.369364095217603,0.3490658503988659,9.0,-0.7029142228079713,-0.5641784858462596,4.721540423115392,4.243197053577854,-1.5500676504046975,-3.084631659068044,3.0854671933926836,16.420344511562547,9.493702450137745,14.789799611388,6.396716281535311
110,110.55276381909547,0.13632694271991733,-0.06013013677232978,0.06249972787584003,15.71944228087408,8.042013729715997,7.432266691656081,0.3490658503988659,9.0,-0.7027043536538332,-0.5642305380162496,4.721638510240954,4.242443082408087,-1.5502106625663787,-3.083418521086512,3.0857518644088215,16.435762339067477,9.638693276221748,15.003122222680682,6.445334183210247
111,111.55778894472361,0.13631051212635817,-0.060134514919928134,0.06248662134533829,15.827530460976979,8.14580884051672,7.495161894234311,0.3490658503988659,9.0,-0.7025104457094685,-0.5642769418586341,4.721732545567529,4.241766271063172,-1.550338156075506,-3.0823168786847237,3.0860056449710305,16.44207688707507,9.784354747768043,15.212984034878886,6.507262933265397
112,112.56281407035175,0.13629966659825213,-0.060139312312128164,0.06247810464988105,15.9288875566404,8.256163140083252,7.558033522061125,0.3490658503988659,9.0,-0.7023917235502886,-0.5643011819911764,4.721794465343447,4.241462604801482,-1.5504047552923106,-3.0816402553272533,3.0861382131841038,16.43926958757929,9.930083742290744,15.418505525701509,6.582242537875761
113,113.56783919597989,0.13630017808003705,-0.06014530465812392,0.06247821932567472,16.023080023791383,8.372609022566564,7.620862402622203,0.3490658503988659,9.0,-0.7024183555032967,-0.5642836141561949,4.7217911868415605,4.241883553830118,-1.5503564880623901,-3.081760986368287,3.0860421354713687,16.427353649301622,10.075272476017306,15.618806398281144,6.669945569115822
114,114.57286432160802,0.13631360448975935,-0.060152683014406697,0.062487991120626966,16.109751234671233,8.49469832455884,7.683643728918996,0.3490658503988659,9.0,-0.7026084109055009,-0.5642193840325385,4.721713793699045,4.24311749405889,-1.5501800172479956,-3.082772533969065,3.0856908637650893,16.406403138256685,10.21937152493598,15.813099331085779,6.7700251241817
115,115.57788944723617,0.1363324274557157,-0.060160417803169705,0.06250197960545846,16.188617945585623,8.621996161486832,7.746403398279115,0.3490658503988659,9.0,-0.7028682136356831,-0.5641352037089845,4.721605412336143,4.244690917237109,-1.5499487337098687,-3.084171218207947,3.085230485297688,16.37651693985842,10.361879481698642,16.000718951312827,6.882112841275022
116,116.58291457286431,0.13635259821680784,-0.060167986282041445,0.06251725963866331,16.259352702436086,8.753981475172877,7.809155320611357,0.3490658503988659,9.0,-0.7031474924996186,-0.56404533772301,4.721489264188213,4.246351358043602,-1.5497018289426268,-3.085686853943525,3.084739012193905,16.337772481900643,10.502223545993942,16.18093292297153,7.005739404351811
117,117.58793969849245,0.13637083144992337,-0.06017496728134218,0.06253145136024932,16.32166473525237,8.890124696995953,7.871910823434548,0.3490658503988659,9.0,-0.7034053620529216,-0.5639613915383132,4.72138419353186,4.247893499951584,-1.5494711886957226,-3.0870994278103687,3.0842799142215602,16.290290334674317,10.639843430675274,16.35303913583042,7.140405963316631
118,118.5929648241206,0.1363845491103894,-0.06018103324632874,0.06254267975804677,16.375300878509442,9.029888598886368,7.934678844325989,0.3490658503988659,9.0,-0.7036096321486407,-0.5638925102758656,4.721304989425852,4.249155677720017,-1.5492819389825245,-3.0882353965861737,3.083903205642887,16.23423398233374,10.774193655578962,16.516367774685143,7.285583542193773
119,119.59798994974874,0.1363918804319728,-0.06018595023719453,0.06254957466770834,16.420045571127485,9.172728293325754,7.997465930921458,0.3490658503988659,9.0,-0.7037368212941961,-0.5638453779690487,4.721262385351376,4.250019955461574,-1.549152444033818,-3.088967788492752,3.0836454411409053,16.169808753550154,10.904744902694373,16.670282388704816,7.440711683957135
120,120.60301507537687,0.13639166192688001,-0.060189577929069565,0.06255127077270914,16.45572085647189,9.318091233347081,8.06027624091521,0.3490658503988659,9.0,-0.703772170349897,-0.5638242167666869,4.721263058844571,4.250412208525625,-1.5490943041081606,-3.08921631260087,3.083529711460852,16.097260502285174,11.030985326534497,16.814181210658603,7.6051971401596665
121,121.60804020100501,0.13638343738575714,-0.06019186961202044,0.06254740760434671,16.482186382353273,9.46541721253465,8.123111542059977,0.3490658503988659,9.0,-0.7037096529288184,-0.5638307863339583,4.721309631244351,4.250302186068317,-1.5491123538458944,-3.088947441914474,3.08356564013378,16.016874040865506,11.152421784211672,16.94749872384104,7.778412640857628
122,122.61306532663315,0.13636745787768992,-0.06019287219105032,0.06253812954174104,16.499339401027463,9.614138365024086,8.185971212166967,0.3490658503988659,9.0,-0.7035519802199346,-0.5638643836087873,4.721400667631496,4.249703539751942,-1.5492046615998423,-3.0881744483739206,3.0837493821442834,15.928971331742934,11.268580949564463,17.069707470311993,7.9596957804837105
123,123.6180904522613,0.13634468175020376,-0.06019272618609898,0.06252408581183454,16.50711476919551,9.763679165502355,8.248852239105867,0.3490658503988659,9.0,-0.7033105993191441,-0.5639218429787914,4.7215306769878564,4.248673812582551,-1.5493625299214646,-3.086957380694385,3.084063624898214,15.83390944870156,11.379010275974334,17.18032008968946,8.148348055030375
124,124.62311557788944,0.1363167746292637,-0.06019166573204275,0.06250643048939204,16.505484948003673,9.91345642920774,8.311749220804836,0.3490658503988659,9.0,-0.7030056855156206,-0.5639975368511141,4.721690112557278,4.247314390459989,-1.5495704971264623,-3.085402988637381,3.0844775913390685,15.732078322777792,11.483278773314458,17.278891573229554,8.343634085101021
125,125.62814070351757,0.13628610941927438,-0.06019001857869457,0.06248682249700083,16.494460003043432,10.062879311929864,8.374654365250516,0.3490658503988659,9.0,-0.7026661303431632,-0.5640833764948837,4.721865372342703,4.24577042758205,-1.5498063396094135,-3.083664609990601,3.0849470445553613,15.623898292724524,11.580977565840533,17.36502171336234,8.544781058019195
126,126.63316582914572,0.1362557663030802,-0.06018820609080395,0.062467425605070584,16.474087604351485,10.21134931000968,8.43755749048802,0.3490658503988659,9.0,-0.7023295285671888,-0.5641688129435071,4.7220387996266515,4.24423076541682,-1.5500410743228044,-3.081942049194435,3.0854142927152264,15.509817484402314,11.671720199808984,17.438357724300655,8.750978420210377
127,127.63819095477386,0.1362295327419651,-0.06018674324805699,0.06245090843183344,16.444453026409736,10.35826026033947,8.50044602462094,0.3490658503988659,9.0,-0.7020421686375322,-0.5642408376517245,4.722188683355232,4.242927873536053,-1.5502389605822748,-3.0804814891988004,3.0858081926598255,15.390309047929067,11.755142672224217,17.498597004890403,8.961377848454724
128,128.643216080402,0.13621190347565265,-0.06018623864507639,0.062440444443343984,16.40567914814532,10.502998340362847,8.563305005811348,0.3490658503988659,9.0,-0.7018590324957568,-0.5642839825102455,4.722289258178832,4.242137849185546,-1.5503575001068266,-3.079575490766513,3.0860441499833846,15.265868285667558,11.830903155392033,17.545490010623084,9.175093525333661
129,129.64824120603015,0.13620808052230615,-0.060187394491421416,0.062439711953479186,16.35792645293058,10.644942068074755,8.626117082279785,0.3490658503988659,9.0,-0.7018438119846565,-0.5642803187285383,4.722310703895434,4.242180521049305,-1.5503474339493164,-3.079563146078739,3.0860241129232255,15.137009708070373,11.898681395893721,17.57884319779079,9.391202740255789
130,130.65326633165827,0.13622379726226588,-0.06019099956321659,0.06245278584683925,16.30139382967625,10.783515837493141,8.688863277366206,0.3490658503988659,9.0,-0.7020670659057974,-0.5642099138432591,4.7222201484361985,4.243411369992272,-1.5501539981167927,-3.080820984107696,3.0856390717186546,15.004263960288677,11.958230314267212,17.598523699063826,9.60880136071907
131,131.65829145728642,0.13625764023636466,-0.06019692016600319,0.06247870799111921,16.23631414153233,10.918303587607674,8.751548907257177,0.3490658503988659,9.0,-0.7025123153232273,-0.5640772171816708,4.722025681409538,4.245751327882471,-1.5497894170354416,-3.0832629227481574,3.0849133595437395,14.868142466004432,12.009452645382638,17.604485817060226,9.827154529832711
132,132.66331658291455,0.1363009828556867,-0.06020399376353593,0.06251133976877174,16.16294230017814,11.048756041514357,8.814202764783303,0.3490658503988659,9.0,-0.7030734983767728,-0.5639121879090025,4.72177676084365,4.24866722738773,-1.5493360028352365,-3.086322970509936,3.0840108217484468,14.729135150561335,12.052098982740205,17.596749449794945,10.04541310028851
133,133.6683417085427,0.13634618846898855,-0.06021118763384031,0.06254524185596079,16.081559979239405,11.17433606985029,8.87685028999558,0.3490658503988659,9.0,-0.7036565778418723,-0.5637413931820886,4.721517172253168,4.251685992858431,-1.5488667481796783,-3.0894988879563066,3.0830767529388092,14.587749705511568,12.08594501347972,17.57537025296724,10.26272712622086
134,134.67336683417085,0.13638692993517149,-0.06021764763650211,0.06257590694722921,15.992476055096672,11.294535723123934,8.939512563618253,0.3490658503988659,9.0,-0.7041835511586182,-0.5635868501081868,4.721283195610264,4.254415165905823,-1.5484421445738001,-3.09237372179143,3.0822315637009123,14.444511476826028,12.110811206290853,17.540440633367318,10.478260239957015
135,135.67839195979897,0.13641818962328162,-0.06022269821266744,0.06259975975549877,15.896026606885348,11.408876231715132,9.002206307048818,0.3490658503988659,9.0,-0.7045924797990263,-0.5634660238604812,4.721103604482543,4.256543088857333,-1.5481101771865515,-3.094616065882415,3.0815707702946606,14.299961325810955,12.126563920441166,17.49209188795974,10.691188542989098
136,136.68341708542712,0.13643625941250986,-0.0602258423850427,0.06261415701207014,15.792574916495662,11.516908005875107,9.06494388235803,0.3490658503988659,9.0,-0.7048375375293873,-0.5633918244996685,4.72099966449955,4.257839207066177,-1.5479063161181807,-3.095980498984145,3.081164977271173,14.154653210278564,12.133116156018279,17.43049662271276,10.900699855731936
137,137.68844221105527,0.13643874069219197,-0.06022676175789463,0.0626173874666229,15.682511468572693,11.618210635726452,9.127733292289888,0.3490658503988659,9.0,-0.7048890595887768,-0.563372603713056,4.720985131767885,4.258154377340234,-1.5478535074409785,-3.09630803344322,3.081059859639055,14.009151535411654,12.130427908074116,17.355871401733733,11.105993363378788
138,138.6934673366834,0.13642454436180848,-0.06022531651705026,0.06260867188721554,15.566253950516366,11.712392891263137,9.190578180261646,0.3490658503988659,9.0,-0.7047335794950139,-0.5634121523685327,4.721066251694049,4.257421099239216,-1.547962166478871,-3.0955264522202297,3.081276149487175,13.86402832850855,12.118506091959816,17.268479572524182,11.306279690566459
139,139.69849246231155,0.13639389083098466,-0.060221545429896925,0.06258816306028546,15.44424725248143,11.799092722350514,9.253477830363813,0.3490658503988659,9.0,-0.7043738448877039,-0.5635096994650515,4.721241758512402,4.255653615433513,-1.5482301749238896,-3.0936504547566086,3.0818096302448965,13.719860296460123,12.097404012622217,17.168634208502738,11.50078143207881
140,140.7035175879397,0.13634831001949074,-0.060215665845382293,0.06255694579064894,15.316963467377494,11.877977258725299,9.316427167360146,0.3490658503988659,9.0,-0.7038288085238498,-0.563659912744207,4.721502875653345,4.252947856725545,-1.5486428825164715,-3.090781575513805,3.0826311400267716,13.577225829189368,12.067220357071317,17.05670110556562,11.68873416037928
141,141.70854271356782,0.1362906413572416,-0.06020807369401431,0.0625170369015012,15.184901890868998,11.94874280999559,9.379416756687654,0.3490658503988659,9.0,-0.703133595251059,-0.5638529009097043,4.721833316924144,4.249481236723871,-1.5491731131433972,-3.0871078823709093,3.0836865837707164,13.436702016151207,12.028097696654838,16.933101765586787,11.869387923336342
142,142.71356783919597,0.13622503378429698,-0.06019934348786127,0.06247138523441636,15.048589021375218,12.011114865640863,9.4424328044566,0.3490658503988659,9.0,-0.7023394504910314,-0.5640742170840277,4.722209288312239,4.245512330557495,-1.549781174334911,-3.082903505402792,3.0848969521423815,13.298861746108647,11.98022049417575,16.798316296641786,12.042009237105976
143,143.7185929648241,0.13615694575086149,-0.060190228320551736,0.06242387164934742,14.908578560070282,12.064848095011968,9.505457157450495,0.3490658503988659,9.0,-0.7015136804666326,-0.5643048628153561,4.72259949005881,4.2413805014478,-1.5504148682736294,-3.0785280897987928,3.0861583434487914,13.164270962528125,11.923812620195504,16.65288615761244,12.205883569828432
144,144.72361809045225,0.13609314521728444,-0.060181659867274626,0.06237930902462634,14.765451410883147,12.109726347331133,9.568467303126111,0.3490658503988659,9.0,-0.7007395990962152,-0.5645212916332473,4.722965118489047,4.237505568433072,-1.5510095015637047,-3.0744263097752706,3.0873419830842277,13.033486147835088,11.85913439296135,16.497416673931205,12.360318301700916
145,145.7286432160804,0.13604170965406,-0.060174748384779125,0.06234344225696393,14.61981568049762,12.145562651691952,9.63143636961346,0.3490658503988659,9.0,-0.7001165011597309,-0.5646954108387522,4.7232598669249715,4.234387638062856,-1.551487890149123,-3.071127623293484,3.0882942333202843,12.907052109218787,11.786479167109079,16.33257925177645,12.504646136274825
146,146.73366834170852,0.1360120260418272,-0.06017078271137475,0.06232294826144994,14.472306678352348,12.172199217059408,9.694333125715815,0.3490658503988659,9.0,-0.6997596860192499,-0.5647945799021599,4.723429924846301,4.232607252415039,-1.5517603549115437,-3.069246490310246,3.0888365845432033,12.785500136476877,11.70616950739905,16.15911322022782,12.638228926719766
147,147.73869346733667,0.13601479087136972,-0.06017123026693134,0.06232543597155303,14.32358691664081,12.189507432269851,9.757121980909698,0.3490658503988659,9.0,-0.6998005608662998,-0.5647816035272284,4.723413974303685,4.232826035270108,-1.5517247026144332,-3.0694833203677807,3.088765617322467,12.66934659838872,11.618552994972767,15.9778272348929,12.760461869566935
148,148.7437185929648,0.13605600662219297,-0.06017691801976195,0.06235518732419058,14.174293052298838,12.197411360085768,9.819782955000257,0.3490658503988659,9.0,-0.7003131625916943,-0.5646355168776306,4.723177599164309,4.2354173135326745,-1.5513233328433793,-3.072233670806954,3.0879666758951796,12.559052427870169,11.52398896277834,15.789533676727507,12.870833757393196
149,149.74874371859295,0.13610921434101794,-0.06018423667959392,0.062393447070900124,14.024818366662629,12.195966624595542,9.882404102095817,0.3490658503988659,9.0,-0.7009731403513036,-0.5644478794498426,4.722872471194267,4.238749987707989,-1.5508078032474875,-3.0757702709751396,3.086940495099179,12.454886643370024,11.422782051418148,15.594750089955234,12.969151197772936
150,150.7537688442211,0.13616270725413376,-0.060191579778584144,0.06243190975085179,13.87572136239081,12.185169446089336,9.945024477041356,0.3490658503988659,9.0,-0.7016367979780568,-0.5642592771797922,4.722565701502503,4.242100759646045,-1.550289622769266,-3.0793274233898513,3.0859090376235057,12.357252199916758,11.315254851077071,15.394190524864861,13.055084041101601
151,151.75879396984922,0.13620997113728237,-0.06019805082374358,0.062465951439738716,13.727586478664048,12.165039814548512,10.007665842102437,0.3490658503988659,9.0,-0.7022240321835808,-0.5640923228481459,4.722294638120088,4.24506612855036,-1.549830919512988,-3.0824778103489665,3.084995971765781,12.266552540611222,11.201774621645825,15.188620416716873,13.1283050074512
152,152.76381909547737,0.13624619210820565,-0.06020298758715812,0.06249215324788717,13.580990081189766,12.135638012958927,10.070344277420162,0.3490658503988659,9.0,-0.7026755390800186,-0.5639637433954976,4.7220868837422,4.247347236916096,-1.5494776503702308,-3.0849046679680474,3.0842927764245127,12.183161533456074,11.082748963181734,14.978818628923458,13.188527062736119
153,153.76884422110552,0.1362682566266455,-0.06020596210598854,0.06250830132025659,13.436500462202178,12.097064617310938,10.133070181011162,0.3490658503988659,9.0,-0.7029528753261491,-0.5638843758277019,4.721960293638504,4.2487502534035855,-1.5492595897698749,-3.0864023465051025,3.083858718705552,12.107421035555348,10.958623631724011,14.765579888849008,13.235505602897865
154,154.77386934673365,0.1362747514943436,-0.060206780682470575,0.06251338683643957,13.294677840462262,12.049460496599403,10.1958482687676,0.3490658503988659,9.0,-0.703038511234426,-0.5638591636549466,4.721922973840934,4.2491867054590475,-1.5491903198945343,-3.0868767977265454,3.0837208344475338,12.039638776451183,10.829879852358854,14.54971690447334,13.269041140839953
155,155.7788944723618,0.13626596385504164,-0.060205483883914855,0.06250760601066184,13.15607436125776,11.993006812823674,10.258677574457183,0.3490658503988659,9.0,-0.7029358613293176,-0.5638871548379776,4.721973280110732,4.248673671130097,-1.5492672250378559,-3.0863458564475152,3.083873916989873,11.980086631063754,10.697031173225017,14.332062091451766,13.288982452422331
156,156.78391959798995,0.13624388119448128,-0.06020234654270695,0.0624923600917823,13.021234096403196,11.927925020987605,10.321551449723142,0.3490658503988659,9.0,-0.702669285748639,-0.5639615016857522,4.722099817912443,4.247333788845306,-1.5494714913233243,-3.0849392556040396,3.084280516613034,11.92899934926994,10.5606199134294,14.113468843536452,13.295230128545809
157,157.78894472361807,0.13621219134040402,-0.060197877756307354,0.06247025536329299,12.890693044239868,11.854476869099551,10.384457564084245,0.3490658503988659,9.0,-0.7022840637889056,-0.5640694626182203,4.722281443347879,4.245395093211072,-1.5497681115474637,-3.0828983865539104,3.0848709501791043,11.886573804175596,10.421213267478151,13.89481228430414,13.287740470720951
158,158.79396984924622,0.1361762824625514,-0.06019282088725147,0.06244510314331911,12.76497912963583,11.77296439817236,10.4473779049348,0.3490658503988659,9.0,-0.7018463488048274,-0.5641924051774099,4.722487264728327,4.2431907341637025,-1.5501058934527268,-3.0805758886412917,3.0855433175992872,11.852968814392392,10.279399138503548,13.676989444879267,13.266529657841174
159,159.79899497487435,0.13614324307266476,-0.06018815356314962,0.06242191978461901,12.644612203985925,11.683729942223389,10.510288777544641,0.3490658503988659,9.0,-0.7014431215743261,-0.5643058091408211,4.722676644189052,4.241158686135245,-1.5504174682814758,-3.0784352242899513,3.086163518860917,11.828305586976093,10.1357817819073,13.460918820995758,13.231678102539478
160,160.8040201005025,0.13612186202448548,-0.060185087676687066,0.062406926674584196,12.530104045211754,11.587156128274476,10.573160805059143,0.3490658503988659,9.0,-0.7011821671309661,-0.5643792680637897,4.722799198476798,4.2398416032623345,-1.5506192950135895,-3.0770504679693054,3.086565262462574,11.812668817047681,9.99097734963182,13.247539273375827,13.183334906917132
161,161.80904522613065,0.1361226285137548,-0.060185069385623985,0.06240755023523931,12.4219583577617,11.483665876351976,10.635958928499209,0.3490658503988659,9.0,-0.7011921079512128,-0.5643764870510439,4.722794797767946,4.239887026061439,-1.5506116542438675,-3.0771066093843693,3.0865500532268335,11.806108467519646,9.845609432669754,13.037808248003753,13.121722320034198
162,162.81407035175877,0.13614656348059342,-0.06018824111389021,0.062424532770039884,12.320598136700564,11.373671320692347,10.698679738866161,0.3490658503988659,9.0,-0.7014857281595208,-0.5642938096155667,4.7226575854036,4.2413597722470096,-1.5503844998567955,-3.078672491020083,3.0860978939878714,11.808632074550939,9.70023451244203,12.83256419885019,13.047108128942664
163,163.81909547738692,0.1361741068068798,-0.060191912070978765,0.06244406658778728,12.22631924467123,11.257534169227279,10.761388598643247,0.3490658503988659,9.0,-0.7018236378138403,-0.5641986570309938,4.722499685666342,4.243055609488904,-1.5501230702792783,-3.080474417210379,3.085577508710106,11.820230031074816,9.55530282460909,12.632408458267642,12.959765513845468
164,164.82412060301505,0.13620080611808946,-0.0601954721919468,0.062463003623085,12.139504402736002,11.135713839979463,10.824100355604205,0.3490658503988659,9.0,-0.7021512780207634,-0.564106400714821,4.722346622079419,4.2447000935538775,-1.5498695981337915,-3.0822218618294395,3.08507296299616,11.840893415837824,9.411378756968132,12.438115389634179,12.860048922990794
165,165.8291457286432,0.13622365167347825,-0.060198509366978556,0.062479215024205524,12.0605053199345,11.00868858701032,10.886825041578174,0.3490658503988659,9.0,-0.7024317327026453,-0.564027437324334,4.722215649214332,4.2461074950799995,-1.549652648001465,-3.083718116124598,3.0846411157050295,11.87056903368435,9.269026491324638,12.25044160618465,12.748350682696003
166,166.83417085427135,0.13624047715559418,-0.06020072691209786,0.06249116808323593,11.989638391170946,10.876952546471502,10.949569875693742,0.3490658503988659,9.0,-0.7026384057457974,-0.5639692541248482,4.722119187135885,4.247143970999738,-1.5494927909746863,-3.0848213708336996,3.0843229143596687,11.909159065228623,9.128804075060716,12.070117717113268,12.625101017882288
167,167.83919597989947,0.1362499596702776,-0.06020194356916809,0.062497926236077944,11.927184697214166,10.74101573660487,11.012339264378944,0.3490658503988659,9.0,-0.7027550360358726,-0.563936427978041,4.722064820875061,4.247727658542782,-1.5494026018775657,-3.0854448542350164,3.0841433896142196,11.956522032314457,8.991261662236358,11.897847362113875,12.490769810973383
168,168.84422110552762,0.13625161974666108,-0.06020209350589221,0.062499149062447946,11.873390004697587,10.601404057742489,11.07513480136127,0.3490658503988659,9.0,-0.7027757093714219,-0.563930624539899,4.72205530001164,4.247828749726302,-1.5493866570623152,-3.0855569415996604,3.0841116508676256,12.012474064617523,8.856939777719482,11.73430594477765,12.345868337765495
169,169.84924623115577,0.13624582133716948,-0.06020122631581276,0.06249509228587693,11.828464766119238,10.458659292306649,11.137955267667655,0.3490658503988659,9.0,-0.7027048642214819,-0.5639505978719677,4.722088538472653,4.247469527410312,-1.5494415333411653,-3.0851812082776418,3.084220884137569,12.076790468678135,8.726367646697103,11.58013906356034,12.190950937916195
170,170.8542713567839,0.1362337718175199,-0.06019950701831186,0.062486607773710554,11.792584119841749,10.313339104809852,11.200796631624486,0.3490658503988659,9.0,-0.7025572902239554,-0.56399219054,4.722157614585177,4.246724356039903,-1.549555808257399,-3.084396416313095,3.0844483525999777,12.149207595556572,8.600061632662074,11.435960644126926,12.02661657695763
171,171.85929648241205,0.13621752198672166,-0.060197216058611176,0.062475143537109104,11.76588789009235,10.166017041854808,11.263652048857603,0.3490658503988659,9.0,-0.702358120253223,-0.5640483341444081,4.722250771354118,4.245719632236548,-1.5497100615427573,-3.083336442159269,3.084755399490042,12.22942499790579,8.478523827148464,11.302350782278909,11.853510256561151
172,172.8643216080402,0.1361999660670764,-0.06019474930777197,0.0624627437310475,11.748480586962877,10.017282532134441,11.326511862292287,0.3490658503988659,9.0,-0.7021428188168113,-0.5641090500972632,4.722351416867966,4.244633712442524,-1.5498768772522271,-3.0821901707347763,3.0850874523515914,12.317107861621372,8.362240834014887,11.179853312304383,11.672324230253995
173,173.86934673366832,0.13618484170417802,-0.06019261806269508,0.06245204865431532,11.740431406409764,9.867740886431902,11.389363602153276,0.3490658503988659,9.0,-0.701957171471198,-0.5641614503311175,4.722438124667807,4.243696846869617,-1.550020845711516,-3.0812013987181293,3.0853740269136134,12.411889691439331,8.25168278986942,11.068973121380196,11.483798982994383
174,174.87437185929647,0.1361767299669126,-0.06019144904612091,0.062446294749516754,11.74177423025405,9.718013297620534,11.452191985964758,0.3490658503988659,9.0,-0.7018572818758009,-0.5641897374956966,4.722484633847332,4.243191161056066,-1.5500985640574574,-3.0806688076152495,3.0855287281659516,12.513375224011444,8.147302660223371,10.970173236496656,11.288723935017696
175,175.8793969849246,0.13618104379105284,-0.06019198282797056,0.06244930649618408,11.7525076058106,9.568736574251703,11.514978957197771,0.3490658503988659,9.0,-0.7019094442148887,-0.5641752435664531,4.722459914821246,4.243450031411497,-1.5500587423141416,-3.080945337084413,3.0854494615077823,12.621143574557065,8.049535615260467,10.883871637064134,11.08793753324294
176,176.88442211055275,0.1361972483203796,-0.060194147192427376,0.062460727821845,11.772584182610661,9.420449732545386,11.577726333249371,0.3490658503988659,9.0,-0.7021073986636506,-0.5641196772247814,4.722367029237877,4.244442442388613,-1.549906075045117,-3.0819984967478304,3.0851455716420997,12.734774033973931,7.958707385230536,10.810394331247391,10.882192079860236
177,177.8894472361809,0.13621871721581655,-0.06019703618029928,0.06247588843259401,11.801915133436353,9.273691272327492,11.640456222043664,0.3490658503988659,9.0,-0.7023701444068938,-0.5640458192006733,4.722243960144909,4.245761312954601,-1.5497031517916344,-3.0833974954882106,3.084741645373957,12.853847287775961,7.875142473512652,10.749982979096744,10.672240071142332
178,178.89447236180902,0.13624158978171214,-0.06020012137104963,0.06249205249302308,11.840383614487981,9.12906501305114,11.703181472481837,0.3490658503988659,9.0,-0.702650291989578,-0.5639670340394405,4.7221128405122075,4.2471681703848585,-1.5494866913401593,-3.0848897350260267,3.084310772810737,12.977913866670146,7.799206026026432,10.702853362305817,10.458924000075847
179,179.89949748743717,0.13626268734600597,-0.06020296765094936,0.06250696720164185,11.887840192029527,8.987154861897361,11.765912662897424,0.3490658503988659,9.0,-0.7029088008127665,-0.5638943284114384,4.72199189406777,4.2484665243908255,-1.5492869342689561,-3.0862670347486816,3.083913148945943,13.10650190558504,7.731223483232929,10.669178478474015,10.243086240561793
180,180.9045226130653,0.1362795132602289,-0.060205233213076984,0.06251886279087758,11.94410284238862,8.848524813775134,11.828658101056282,0.3490658503988659,9.0,-0.7031149847478737,-0.5638363507339262,4.721895435098688,4.2495019022036615,-1.5491276419091593,-3.087365683253455,3.0835960715911694,13.239118679817862,7.671480217845379,10.649087004959378,10.02556940970489
181,181.90954773869345,0.1362902528995029,-0.06020666955731859,0.06252645252707517,12.008956951956574,8.713718951321354,11.891423824156613,0.3490658503988659,9.0,-0.7032465228947253,-0.5637993904478509,4.72183386807382,4.250161915793349,-1.5490260943577505,-3.0880665370099725,3.083393937420858,13.375252303158604,7.620221345798726,10.642661600754543,9.807216556843983
182,182.9145728643216,0.13629377366254106,-0.06020712149036784,0.06252893271049718,12.082155317188354,8.583261444900852,11.954213598828947,0.3490658503988659,9.0,-0.7032894708446468,-0.5637873772608178,4.721813687249719,4.250376332237774,-1.5489930883976415,-3.088295123651289,3.083328237832149,13.514373566191,7.5776517357075726,10.649937068185707,9.588871154094132
183,183.91959798994972,0.1362896249716477,-0.060206527125725974,0.0625259826753238,12.163418144602595,8.457656552606394,12.01702892113615,0.3490658503988659,9.0,-0.7032382690746903,-0.5638018805827587,4.721837476377255,4.2501171261720305,-1.549032935947181,-3.0880217189817594,3.083407555858565,13.655937889842475,7.543936239781359,10.670898399362715,9.37137686543143
184,184.92462311557787,0.13627803827271828,-0.0602049178837018,0.06251776478965285,12.252433050781601,8.33738862025866,12.07986901657343,0.3490658503988659,9.0,-0.7030957463650581,-0.5638421092958652,4.721903908582251,4.24939850115911,-1.549143463428055,-3.0872613783832317,3.083627564911793,13.799387366245545,7.519200166497864,10.705478735317657,9.155577074019455
185,185.92964824120602,0.13625992703523945,-0.060202418491411724,0.0625049244554998,12.348855062371335,8.222922081406274,12.142730840068321,0.3490658503988659,9.0,-0.7028731173986672,-0.5639049119152794,4.722007746449293,4.248276874729723,-1.5493160122067782,-3.086073914907765,3.08397102966049,13.944152856147488,7.503530012244443,10.753557268595182,8.942314150568105
186,186.93467336683415,0.13623688675228898,-0.060199246982779696,0.062488590108797766,12.45230661608143,8.114701457325788,12.205609075980696,0.3490658503988659,9.0,-0.7025899749691329,-0.5639847771118628,4.722139842293564,4.246850829743513,-1.5495354400309913,-3.0845638279576217,3.0844078088892872,14.08965610953446,7.496974465614155,10.8149571226284,8.732428449037421
187,187.9396984924623,0.13621119494053585,-0.06019571469853726,0.062470373219397496,12.562377558685185,8.013151357021675,12.268496138102766,0.3490658503988659,9.0,-0.7022742784904863,-0.5640738344832625,4.722287138561428,4.245261042629769,-1.5497801231479482,-3.0828801980620875,3.0848948597157144,14.23531187389709,7.49954569409877,10.88944324347328,8.52675701994458
188,188.94472361809045,0.13618581114024014,-0.06019222628622354,0.062452368291067394,12.67862514701956,7.918676477226344,12.331382169659074,0.3490658503988659,9.0,-0.7019623417681327,-0.5641618553745088,4.722432668256287,4.2436902069756055,-1.5500219585590873,-3.0812165748573648,3.08537624207801,14.380529952736484,7.511220918572845,10.976720341302634,8.326132035879844
189,189.94974874371857,0.13616437691525315,-0.060189279700185214,0.06243715286149349,12.800574047985181,7.831661602400137,12.394255043306497,0.3490658503988659,9.0,-0.7016988242555638,-0.5642362534646259,4.722555555242202,4.242362978844656,-1.5502263656317345,-3.079810896956522,3.0857831219432774,14.524717175571995,7.531944276249045,11.076430920398368,8.13137892855123
190,190.95477386934672,0.13615121585301734,-0.06018746620157656,0.06242778750227946,12.927716338546347,7.752471604731317,12.457100361134252,0.3490658503988659,9.0,-0.7015367312856099,-0.5642820847510722,4.722631014233707,4.241545978128197,-1.5503522860563503,-3.0789454939664167,3.086033771222377,14.66727923994209,7.561628967756186,11.188153437150604,7.943314241706449
191,191.95979899497485,0.13615133356456632,-0.060187470358359425,0.06242781581894662,13.05951150573101,7.6814514441360835,12.519901454663884,0.3490658503988659,9.0,-0.7015374300296748,-0.5642820464791255,4.722630350236299,4.241547888147292,-1.5503521809050413,-3.0789472324841674,3.086033561914793,14.80762238575971,7.600159678714959,11.311400625702309,7.762743209557208
192,192.964824120603,0.13616599571806723,-0.06018946551461855,0.06243813684523796,13.195415709280955,7.618903068684996,12.582654108654717,0.3490658503988659,9.0,-0.7017164848315652,-0.5642317439604788,4.722546306856334,4.242447077310867,-1.5502139758709177,-3.0798991559406677,3.085758459664489,14.945183706244201,7.647397924417692,11.445647712317708,7.590408212952299
193,193.96984924623115,0.13617984704840874,-0.060191352549393055,0.06244789239004783,13.334977908744962,7.565007531866771,12.645409452168703,0.3490658503988659,9.0,-0.7018857286691005,-0.5641841837040148,4.722466909464301,4.243297222757876,-1.5500833051402192,-3.0807991678554094,3.08549835472481,15.079514508204637,7.703181527776536,11.590441309285287,7.426833535957005
194,194.97487437185927,0.1361910595310509,-0.06019288130452465,0.062455789304640116,13.477655378282776,7.519971573938966,12.708173574095,0.3490658503988659,9.0,-0.702022744119505,-0.5641456804404738,4.722402637796537,4.243985550635869,-1.5499775182930648,-3.081527830442008,3.0852877820789635,15.210090271812348,7.767295935216174,11.745220484753204,7.272647212661758
195,195.97989949748742,0.1361998822741604,-0.060194085513792045,0.06246200312406992,13.62288484813457,7.483975158249974,12.770945646474658,0.3490658503988659,9.0,-0.7021305689263392,-0.5641153793153542,4.722352064158308,4.244527304059873,-1.549894266636015,-3.08210127735228,3.0851220665654786,15.336392807959282,7.839489534355007,11.909376888309858,7.128460782144941
196,196.98492462311555,0.13620665393544032,-0.06019501109516817,0.06246677239848426,13.770095220665857,7.4571616075724565,12.83372454244769,0.3490658503988659,9.0,-0.7022133365647383,-0.564092118217941,4.7223132474754514,4.244943231247619,-1.5498303572961207,-3.0825414760732897,3.084994852652238,15.457923516825254,7.919477130439326,12.08226692450646,6.994846084705587
197,197.9899497487437,0.13621180272213004,-0.06019571615082027,0.06247039869312202,13.918707570367529,7.4396376041033285,12.89650883625308,0.3490658503988659,9.0,-0.7022762759791953,-0.5640744277989468,4.722283733303707,4.24525958388138,-1.5497817532693932,-3.0828762255226483,3.0848981045329573,15.57420327350543,8.006941734964318,12.263211867229627,6.872333473242339
198,198.99497487437185,0.13621584639100526,-0.06019627096710982,0.062473246588314,14.068135143855828,7.431473189463766,12.959296803228762,0.3490658503988659,9.0,-0.7023257112271636,-0.5640605314944872,4.722260553841372,4.24550811488375,-1.5497435734866767,-3.0831391527832768,3.084822106258307,15.684772191291373,8.101536363245822,12.451498096420284,6.761410015681709
199,200.0,0.13621939224837806,-0.06019675801459256,0.062475743679482845,14.217783359872358,7.432701764699209,13.022086419811641,0.3490658503988659,9.0,-0.7023690611315924,-0.5640483455494513,4.722240227941665,4.245726076249933,-1.5497100928778558,-3.0833697099209005,3.0847554618637187,15.789189259853604,8.202885831987109,12.646377459891113,6.662517697411309
