,time_list,u,v,r,x,y,psi,Î´,npm,X_H_ref,X_R_ref,X_P_ref,Y_H_ref,Y_R_ref,N_H_ref,N_R_ref,x_bow,y_bow,x_stern,y_stern
0,0.0,2.0,0.0,0.0,0.0,0.0,0.0,0.3490658503988659,9.0,-22.96,-5.9623953144415465,-2.618533234947553,0.0,-16.381546492290195,-0.0,32.608076341572556,1.75,0.0,-1.75,0.0
1,1.0050251256281406,1.874711003217168,-0.0541726517106442,0.05439164839355294,1.9462328271762006,-0.0017180087110157984,0.038493869764254285,0.3490658503988659,9.0,-20.713083643451345,-4.430044712364838,-2.191526092589695,30.259241742952202,-12.171447814396739,-21.656814499814008,24.227718653187374,3.694936431510695,0.06562962812613107,0.19752922284170626,-0.06906564554816266
2,2.0100502512562812,1.7614325626839118,-0.0756679586343598,0.06233512689997996,3.7727158982038,0.05423702465330324,0.09796097039899732,0.3490658503988659,9.0,-18.656936421900564,-3.811814539847592,-1.7734458902089059,35.074643521760905,-10.472874375380071,-20.141922360161498,20.84664517533897,5.514325803193275,0.22539466790229978,2.0311059932143247,-0.1169206185956933
3,3.015075376884422,1.6592985938055083,-0.0833606667445897,0.06436377507601232,5.486568019704222,0.19605173212517926,0.16187314499320837,0.3490658503988659,9.0,-16.76522311649716,-3.393144359264159,-1.3703267621758197,35.0682120721249,-9.3225875080281,-18.474586847714725,18.556956469637434,7.213690489366243,0.47809423741216706,3.759445550042201,-0.08599077316180856
4,4.0201005025125625,1.5675900589074645,-0.08535184252476648,0.06424034194203058,7.093057092563923,0.42487891685731277,0.22653656650037884,0.3490658503988659,9.0,-15.086733170555497,-3.077992887705237,-0.9981175766711302,33.461533065197656,-8.456715956212067,-17.005504585170204,16.833407006410543,8.798344835253417,0.8179358015864475,5.3877693498744295,0.031822032128178024
5,5.025125628140703,1.485241618549269,-0.08502828946354644,0.06319245332154412,8.59718519195463,0.7337117409401727,0.29060547767470146,0.3490658503988659,9.0,-13.623585001703661,-2.828274803483835,-0.661547109701744,31.38578743202156,-7.770621158584296,-15.664612456946623,15.467709845331681,10.273808675782416,1.2351433848131697,6.920561708126844,0.23228009706717578
6,6.030150753768844,1.4111319124897264,-0.0838149093282207,0.06196313964313409,10.003922865906437,1.1133831706648945,0.3535494151641799,0.3490658503988659,9.0,-12.359032487613273,-2.6226219448886776,-0.36066689791642853,29.334128588147728,-7.205594573347807,-14.534331792680018,14.34300345481594,11.645684860960419,1.7192854330772191,8.362160870852456,0.5074809082525696
7,7.035175879396984,1.3442101238445858,-0.08232636202769429,0.06076692418488706,11.31814066508338,1.5547272849397933,0.4152727823954947,0.3490658503988659,9.0,-11.266254348143335,-2.4495956414480013,-0.0922068637586865,27.449214275914496,-6.730208711672845,-13.576774346675357,13.396730251825188,12.919401695917767,2.2607464851965533,9.716879634248993,0.8487080846830332
8,8.040201005025125,1.2835519138915548,-0.08082677813667785,0.059650919950099676,12.544502015307046,2.049346672852392,0.475841417299085,0.3490658503988659,9.0,-10.3186700174458,-2.3020381993918124,0.14781973674533647,25.75681125469997,-6.324797971550982,-12.744943063266383,12.589745125615716,14.100090305481679,2.850998137936541,10.988913725132413,1.2476952077682428
9,9.045226130653266,1.2283690247081647,-0.07942138793061428,0.058708089388342245,13.687391736512255,2.5898039090620246,0.5353385714716186,0.3490658503988659,9.0,-9.494428854498514,-2.1743233649039455,0.36273053763942925,24.26949461484644,-5.973904347666184,-12.046363268848314,11.891278342837202,15.19255967060808,3.4825353861421764,12.18222380241643,1.6970724319818729
10,10.050251256281406,1.1779883699067613,-0.07814822488454007,0.057940241315261216,14.750900901040815,3.1695658841781253,0.5938829924332207,0.3490658503988659,9.0,-8.774254675663919,-2.0627005866585626,0.5557586728558297,22.96726605391547,-5.667223284940205,-11.459624344878923,11.280818304122919,16.201255531567334,4.148836758711971,13.300546270514296,2.1902950096442795
11,11.055276381909547,1.1318263461854612,-0.07701930625353069,0.05712512594450887,15.73884852675449,3.7828839960756744,0.6516810152975052,0.3490658503988659,9.0,-8.13909745765118,-1.9657178218452058,0.7307793287317574,21.777230477657778,-5.400765328539228,-10.879556323118418,10.750423851545944,17.13021288335842,4.844300609461825,14.347484170150556,2.721467382689524
12,12.060301507537687,1.0894001905203354,-0.07602477962102172,0.056349551426148975,16.654735172922038,4.424751945436555,0.7088073966829563,0.3490658503988659,9.0,-7.577260802909764,-1.8804529016424583,0.8897058105776566,20.705037860676704,-5.166501885610579,-10.34066869166595,10.284113773028501,17.983227925246037,5.563877490327286,15.326242420598039,3.2856264005458247
13,13.065326633165828,1.0503113069144303,-0.0751463358226197,0.05592135173614097,17.501753487569534,5.090784149917264,0.7652188676535272,0.3490658503988659,9.0,-7.082380316311005,-1.8031244476891877,1.0329218578244557,19.80358943964888,-4.954043704492631,-9.9575269304603,9.86120787751087,18.7639073284401,6.303000171084975,16.239599646698966,3.8785681287495533
14,14.070351758793969,1.014181447957595,-0.07437896579776634,0.055461190398021776,18.28294442015722,5.7770042972016205,0.8211588621487356,0.3490658503988659,9.0,-6.640242547178768,-1.7346524858956778,1.164037523542905,18.973886311822476,-4.765918535599202,-9.576237772519692,9.486737746016555,19.475347961422585,7.057892190335842,17.090540878891858,4.496116404067399
15,15.07537688442211,0.9807026082064335,-0.07370854277974741,0.0549842298372774,19.001077901206813,6.479910686193869,0.8766964714943475,0.3490658503988659,9.0,-6.24374230451606,-1.67368625774725,1.2844148032942346,18.21010129414342,-4.598415200412079,-9.20365894853193,9.153316139953882,20.120542087460617,7.825012888888931,17.88161371495301,5.134808483498807
16,16.08040201005025,0.9496187741662061,-0.07312020705339817,0.05467599948982965,19.65868914860278,7.196374744137864,0.9318049873980244,0.3490658503988659,9.0,-5.889314274016974,-1.6180954284326792,1.394284875201996,17.541450605439433,-4.445680652141539,-8.904509883404339,8.849292352435084,20.702364815406654,8.601095749363274,18.615013481798904,5.791653738912453
17,17.08542713567839,0.9206911083074337,-0.0726053051132956,0.05443146543804298,20.258181819315194,7.923532482948827,0.9865846427994244,0.3490658503988659,9.0,-5.570345041359615,-1.5676837607639995,1.4952411130053787,16.93778824184071,-4.307175733544791,-8.6381663944297,8.573593170955995,21.223380288231443,9.3832899681503,19.292983350398945,6.463774997747355
18,18.09045226130653,0.893703445856552,-0.07215550052794788,0.05406564979631307,20.80182523369897,8.658772268126416,1.041178749711174,0.3490658503988659,9.0,-5.279949246444689,-1.5228132609993783,1.5892077800067623,16.35711749829702,-4.18389504864185,-8.342562029758515,8.328198391736072,21.685931091037098,10.169022854294292,19.917719376360843,7.14852168195854
19,19.09547738693467,0.8685063813932872,-0.07175948989038476,0.054019051630938945,21.291613929039116,9.39975664094952,1.0953977078825605,0.3490658503988659,9.0,-5.02045482594003,-1.4803560549327146,1.6745316080668409,15.87788415754074,-4.06724483368056,-8.16061950088538,8.096001809044152,22.092576503570374,10.95569974858561,20.490651354507857,7.843813533313428
20,20.100502512562812,0.8448969852899814,-0.0714133504076058,0.05363256121716522,21.729657889639903,10.144239677702778,1.1496258348225725,0.3490658503988659,9.0,-4.77972271150357,-1.4435591428120325,1.7555769369271026,15.372029627788526,-3.96614614852333,-7.880468278417722,7.894761123667401,22.445108528976572,11.741308988244043,21.014207250303233,8.547170367161513
21,21.105527638190953,0.8227893327080226,-0.0711083622583988,0.05367728187439149,22.117636292616332,10.890250827951347,1.203476889887562,0.3490658503988659,9.0,-4.565539624054469,-1.4076527147178777,1.8285896994668607,14.976890581901745,-3.867494048121369,-7.742373102156153,7.698390456058112,22.74608749625295,12.52351415168322,21.489185088979713,9.256987504219474
22,22.110552763819094,0.8020070430579598,-0.07084000981701402,0.053418789212783334,22.457483052671858,11.63585016000701,1.257380396087675,0.3490658503988659,9.0,-4.365610196976999,-1.3763623293789362,1.898278684875483,14.556641819551796,-3.781524420956593,-7.520529844605492,7.527264722174264,22.997025475326407,13.300600583991356,21.91794063001731,9.971099736022664
23,23.115577889447234,0.7824794945486416,-0.07060390133448606,0.053409002380294064,22.750741101271565,12.37930296173761,1.3110503690543627,0.3490658503988659,9.0,-4.185405310196698,-1.346324715554113,1.9619307907567638,14.205852286647312,-3.6989967552385927,-7.3797245207882805,7.362990340308618,23.2002024207563,14.070599660216928,22.301279781786832,10.688006263258291
24,24.120603015075375,0.7640835069783757,-0.07039523571144327,0.053318371538149306,22.99909821339023,13.118931830577226,1.3646930338910357,0.3490658503988659,9.0,-4.018720953867458,-1.3190691684778326,2.0218674577683053,13.86448683710993,-3.6241127550916303,-7.222221132806253,7.213930958478965,23.357230860335235,14.831894470914769,22.640965566445225,11.405969190239684
25,25.125628140703515,0.7467381912502283,-0.07021046324603152,0.05325494525945756,23.204071881505058,13.853178971224422,1.418264983599913,0.3490658503988659,9.0,-3.865496108711734,-1.2937674560114785,2.077825207402872,13.548931245229712,-3.554596871416789,-7.079085685782165,7.075557011740302,23.46996787894058,15.582860825944465,22.938175884069537,12.123497116504378
26,26.130653266331656,0.730366385444287,-0.07004728148286778,0.053247571379282405,23.367143589622753,14.580562202573566,1.4717611515521354,0.3490658503988659,9.0,-3.7247984898336286,-1.2700600672657538,2.129949511732741,13.261786713433507,-3.489461356163678,-6.957354095956723,6.945902350935186,23.54017197955707,16.321987244393263,23.194115199688436,12.839137160753868
27,27.135678391959797,0.7148871993235302,-0.06990110763622799,0.0531895661351166,23.48979048547514,15.299682766579323,1.5252620221622963,0.3490658503988659,9.0,-3.594013377455188,-1.2483277286992482,2.1791787901478346,12.983937407769542,-3.4297522466802604,-6.827780204742223,6.827049152231455,23.56944798530534,17.04786887873123,23.41013298564494,13.551496654427416
28,28.140703517587937,0.7002449241073555,-0.06977167717370543,0.053190791301072536,23.573388440299574,16.009203273311428,1.5787080749926958,0.3490658503988659,9.0,-3.4736107995160754,-1.2278310444722238,2.22510172440371,12.731588223685524,-3.373438069592819,-6.719340058807984,6.714953692474688,23.559543025398526,17.75914850230753,23.587233855200623,14.259258044315327
29,29.145728643216078,0.686377292897089,-0.06965587924121737,0.05321431370378983,23.61932572024407,16.707859624737367,1.6321337804704248,0.3490658503988659,9.0,-3.3621784057188724,-1.2086245230046326,2.2681771955147783,12.497260401306594,-3.320668585554342,-6.621612868953719,6.609914075803459,23.512052471239457,18.454568658906478,23.726598969248684,14.961150590568254
30,30.15075376884422,0.6732156700485066,-0.06954813526912336,0.05308558214240811,23.62900392238652,17.39445327794235,1.685660380199271,0.3490658503988659,9.0,-3.2565529735901175,-1.191477603729802,2.3097100347909687,12.253087004443461,-3.273557812033534,-6.4904694571024,6.516138332457126,23.428433554670804,19.132921433415547,23.829574290102236,15.655985122469152
31,31.15577889447236,0.660752904883148,-0.06945846308613457,0.053274992284721746,23.603614356624945,18.067796526928543,1.7389843168940189,0.3490658503988659,9.0,-3.1624093837426157,-1.173867055498452,2.346929654930244,12.069747097311335,-3.225173228423683,-6.4431511876798195,6.419827022847391,23.31067103647363,19.79310351734466,23.89655767677626,16.342489536512424
32,32.1608040201005,0.6488790853907015,-0.06936555703433915,0.05305539536845321,23.5446863554662,18.726858693492485,1.792598987257178,0.3490658503988659,9.0,-3.0692293428167066,-1.1594059220358965,2.3846144631556854,11.836359159355192,-3.185441590775592,-6.299967298784556,6.3407397233537575,23.159706516695568,20.43398801599273,23.929666194236834,17.01972937099224
33,33.16582914572864,0.6376295750920118,-0.06929281408772443,0.053258404302140176,23.45327365769655,19.370500263414765,1.8459445246596502,0.3490658503988659,9.0,-2.9877645104220845,-1.1437778800645892,2.417618876231054,11.67649621509553,-3.142503898349136,-6.263138607766716,6.255270652821754,22.97781692186393,21.05467391608583,23.928730393529168,17.686326610743702
34,34.17085427135678,0.6268997745537196,-0.06921617140408778,0.053156533721968074,23.330883954107676,19.99781325653181,1.8995254733320368,0.3490658503988659,9.0,-2.907603040793071,-1.1305865336670065,2.4507487374702905,11.481553720665373,-3.106260971989574,-6.157498772991141,6.183127762641586,22.76591310386248,21.654106690188183,23.895854804352872,18.341519822875437
35,35.175879396984925,0.6167049067405509,-0.06915267788398032,0.05327339334244935,23.178648692373837,20.607769482008187,1.9529795717477005,0.3490658503988659,9.0,-2.8354331084591684,-1.117121487593428,2.480752028847155,11.327578350293582,-3.069266061950501,-6.10686449773264,6.109488021035296,22.525991291569266,22.231511554252123,23.83130609317841,18.984027409764252
36,36.18090452261306,0.6069801626944906,-0.06908862889416674,0.05326022506502864,22.997950989122113,21.19952176437232,2.0065568407256835,0.3490658503988659,9.0,-2.7660849724266345,-1.1050687871545843,2.510012823599853,11.163337434341198,-3.036151539651327,-6.029565659484313,6.043572335257132,22.259276047339757,22.785983024656616,23.73662593090447,19.613060504088025
37,37.1859296482412,0.5977172933709438,-0.06903188437351353,0.05332810610944721,22.790011070998673,21.7721709017549,2.060107658331036,0.3490658503988659,9.0,-2.7020817933936265,-1.0933148522032918,2.537256963639064,11.01858191544439,-3.0038578687829123,-5.974019344862256,5.97929058472018,21.96747932284111,23.316820222239283,23.612542819156236,20.22752158127052
38,38.19095477386934,0.5888786458341918,-0.06897696528702318,0.0533668864779592,22.556139355182417,22.32492736575692,2.113714649043515,0.3490658503988659,9.0,-2.641581410605051,-1.0823565395042747,2.5633079018244724,10.877071883744165,-2.9737501520870397,-5.914970554624164,5.919360057101709,21.652024834287396,23.823285444824393,23.460253876077438,20.82656928668945
39,39.19597989949749,0.5804375453654651,-0.06892245516454887,0.05335591593085888,22.297623115758686,22.857027191348877,2.1673942679314653,0.3490658503988659,9.0,-2.5840039892499296,-1.0722461790012991,2.5883950645552996,10.73562875285512,-2.9459721649025687,-5.84798813287305,5.86406694255036,21.314418216713026,24.304717809710624,23.280828014804346,21.40933657298713
40,40.201005025125625,0.5723921504905201,-0.0688780797655219,0.05349911155402175,22.015694535690468,23.36769756170801,2.220995420427347,0.3490658503988659,9.0,-2.531883216823528,-1.061935148994542,2.611236738535721,10.621953106257084,-2.9176428427876844,-5.8173762715863635,5.807676375355627,20.95634098001763,24.760633326229588,23.075048091363307,21.97476179718643
41,41.20603015075376,0.5646811377513955,-0.06882309028898781,0.05341057815836924,21.71173577429096,23.85636454724891,2.274810410494365,0.3490658503988659,9.0,-2.4796552946430763,-1.0532847364062314,2.634500102025602,10.482607633999356,-2.893876029532335,-5.739462731968218,5.760367651396562,20.578991172737265,25.190302202332894,22.844480375844658,22.522426892164923
42,42.211055276381906,0.5573299257834723,-0.06878072826945013,0.05351738232817911,21.386938247403197,24.322276926932876,2.3285142103906793,0.3490658503988659,9.0,-2.4329921946543673,-1.0441580536718524,2.65537770974057,10.37568646541514,-2.8688006748051023,-5.705910614302194,5.710454227067398,20.184223635657364,25.593487988359367,22.58965285914903,23.051065865506384
43,43.21608040201005,0.5503006385610025,-0.06874034053720107,0.05363395151573372,21.04264054277014,24.764904673567017,2.3822495294835995,0.3490658503988659,9.0,-2.389127026441988,-1.035436594716086,2.675183437978489,10.275332950550665,-2.844838663259434,-5.676518879695949,5.662756953666102,19.773385859884943,25.969683719688753,22.311895225655338,23.56012562744528
44,44.22110552763819,0.5435409463912831,-0.06868135762852624,0.05343520939334354,20.680208265080594,25.18381416794867,2.4362696916977593,0.3490658503988659,9.0,-2.343370550272701,-1.0286777285650381,2.6961954740818297,10.13796541214672,-2.826268831128314,-5.583979929168968,5.625793013535863,19.34775437690557,26.31830376062339,22.01266215325562,24.049324575273946
45,45.226130653266324,0.5371160718846805,-0.06865044473643835,0.05366288457909137,20.300801740790206,25.5782728357369,2.4899937822985345,0.3490658503988659,9.0,-2.3058340254344842,-1.0202296019523405,2.713406485135949,10.06224590500277,-2.8030577940232333,-5.581779762776441,5.579590582633155,18.909350199867664,26.639575153299752,21.69225328171275,24.51697051817405
46,46.23115577889447,0.5309390362412901,-0.06860511503860563,0.05366014397321529,19.905850017597896,25.948060745429327,2.5439395992255514,0.3490658503988659,9.0,-2.267251093256811,-1.0132752678913197,2.7313564975635876,9.96046486678555,-2.7839509182232347,-5.534276240165404,5.541557637146077,18.45919759736896,26.932792574429364,21.352502437826832,24.96332891642929
47,47.23618090452261,0.5250150776329914,-0.06855628156674583,0.053599575224546975,19.49663482570644,26.292724324110132,2.5979694471563035,0.3490658503988659,9.0,-2.229875213965864,-1.0069471721636867,2.7489144525605123,9.855532557337636,-2.7665646181034154,-5.47731306202677,5.506949561414559,17.99891441485165,27.197894789220964,20.99435523656123,25.3875538589993
48,48.24120603015075,0.5193635990279918,-0.06852411825820372,0.05376787843790447,19.074428996679586,26.61181531203189,2.651852989131208,0.3490658503988659,9.0,-2.1975642542851412,-0.9998301529280166,2.7641470568000948,9.784541299898189,-2.7470107684595875,-5.468079445978629,5.468026897900608,17.530132135309625,27.435008608872245,20.618725858049547,25.788622015191535
49,49.24623115577889,0.5139197313044385,-0.06847520428217672,0.053699072709365234,18.64060988267637,26.90521399442658,2.705966216540776,0.3490658503988659,9.0,-2.1637101455624297,-0.9941701615743678,2.7803102105772304,9.686632113726334,-2.731460070021129,-5.413473552494664,5.437072655449525,17.054049597419134,27.64367622179131,20.227170167933604,26.166751767061847
50,50.25125628140703,0.5087211065287209,-0.06844099220269485,0.05382169233522688,18.19644720510458,27.172511240144495,2.7599591828034975,0.3490658503988659,9.0,-2.1341764487299004,-0.9878669170353334,2.794478121116624,9.617128504370308,-2.714142047980831,-5.398326148500943,5.402600489769634,16.57234656408952,27.824275850916262,19.820547846119638,26.520746629372727
51,51.256281407035175,0.5037229683564034,-0.0683990449987408,0.05383972759392441,17.743284364211632,27.413631204933907,2.814074281515509,0.3490658503988659,9.0,-2.1047292918944147,-0.9823411947816958,2.808736997633392,9.537638998149061,-2.6989602508627843,-5.364276086000963,5.372380559089676,16.08630809248673,27.97659624376015,19.400260635936537,26.850666166107665
52,52.26130653266331,0.49892662523213216,-0.0683568894115425,0.053850690222981425,17.282429287800134,27.628393063085866,2.8682301829874834,0.3490658503988659,9.0,-2.0766380357059937,-0.9771035033463477,2.8224429356641227,9.460610842068597,-2.6845698119140944,-5.330468826017047,5.343735856219377,15.597409284789183,28.10084156763739,18.967449290811086,27.155944558534344
53,53.26633165829145,0.49433595318378415,-0.06832384021644745,0.05396717695685267,16.815190520430946,27.81666066983443,2.922332065310173,0.3490658503988659,9.0,-2.051393367187045,-0.9715936941168127,2.8348411510426783,9.400136516389239,-2.6694317354704444,-5.318344161970609,5.313602953164626,15.107088068289373,28.197299623421618,18.523292972572516,27.436021716247243
54,54.27135678391959,0.4899096471046742,-0.06827675422155884,0.05391663945408283,16.342877344052837,27.978510459757644,2.9766083163402612,0.3490658503988659,9.0,-2.025089567007949,-0.9671201317981992,2.8478634381445156,9.321520066039783,-2.6571407240155307,-5.275782162642204,5.2891372386470366,14.61664072028274,28.265925001412754,18.069113967822933,27.691095918102533
55,55.27638190954774,0.4856708385459681,-0.06823839739035173,0.05396233806366086,15.866793143248271,28.113846121115962,3.030835624855213,0.3490658503988659,9.0,-2.0013509581660744,-0.9623933236857416,2.8596959413514864,9.257967237548828,-2.6441539254604587,-5.252878751425881,5.263286534080425,14.12751590455962,28.307274885728628,17.606070381936924,27.920417356503297
56,56.281407035175874,0.4816137134174173,-0.06821071658539106,0.05412020757470915,15.388235457665214,28.22272842534198,3.08499904096424,0.3490658503988659,9.0,-1.9803361891858406,-0.9573245915976906,2.8702499019754453,9.211178143329121,-2.6302276985032735,-5.25217306584827,5.235565862409792,13.641037192120143,28.321714388368548,17.135433723210284,28.123742462315413
57,57.28643216080401,0.47768248250028805,-0.0681568462751517,0.053994657364072274,14.90845839458066,28.30544523720952,3.1394366838451715,0.3490658503988659,9.0,-1.9564015068161766,-0.9538220319357276,2.8823259199424567,9.131538755658958,-2.6206044949217375,-5.199827511446383,5.216410518487598,13.158462461758932,28.309218181339702,16.65845432740239,28.301672293079335
58,58.291457286432156,0.4739196652200065,-0.06811462535921155,0.05399100454998344,14.428765757551696,28.361996828807364,3.1937993875918926,0.3490658503988659,9.0,-1.935205105673096,-0.9499092029941101,2.893099941701352,9.0697016842449,-2.609854085758455,-5.171485027906726,5.19501143001543,12.681150066124015,28.27067654039483,16.176381448979377,28.453317117219896
59,59.2964824120603,0.47033343876782246,-0.06809644263345943,0.054227560461402875,13.950434669170031,28.39256029665034,3.247983552672322,0.3490658503988659,9.0,-1.9183674434353044,-0.9450022686507352,2.9017581742593404,9.04002239880828,-2.596372394451286,-5.1883265047732765,5.1681756230563884,12.210329476071196,28.20672726150731,15.690539862268865,28.57839333179337
60,60.30150753768844,0.4668383968285941,-0.06803927227418165,0.054068582834294235,13.474619492636684,28.397678651912535,3.3025406158902646,0.3490658503988659,9.0,-1.8968437644020688,-0.9421781297439266,2.912795504138119,8.963632431060155,-2.588613136575426,-5.133777051106876,5.1527305322471015,11.747236821343806,28.117234170923727,15.202002163929562,28.678123132901344
61,61.306532663316574,0.4634958271567823,-0.06799662893733988,0.05405428773428607,13.002624989228565,28.377456604139294,3.3569983860233203,0.3490658503988659,9.0,-1.8782282511330672,-0.9388066321704247,2.922427014601758,8.907377274901899,-2.5793500231224833,-5.106840993164696,5.134291961091663,11.293067923537226,28.003404951095472,14.712182054919904,28.751508257183115
62,62.31155778894472,0.4603069657213825,-0.06797486388626614,0.05423835355271145,12.535668882474328,28.332255922141023,3.4113090527127716,0.3490658503988659,9.0,-1.8632384495844458,-0.934618746799206,2.9302905597447375,8.87755193688348,-2.5678439026297957,-5.116676967518252,5.111388601167893,10.848937502440513,27.86595424767564,14.222400262508142,28.798557596606408
63,63.31658291457286,0.45720382196153625,-0.06792275834399528,0.05412427678223938,12.074835846416265,28.262709083417374,3.46590874336645,0.3490658503988659,9.0,-1.844800044071555,-0.9320180670849397,2.9399005877797943,8.813196802342212,-2.560698593839615,-5.073729248235354,5.097165598802154,10.416065300611514,27.705053027796524,13.733606392221017,28.820365139038223
64,64.321608040201,0.4542453245913521,-0.06789276775780612,0.054219263562444754,11.621393471785128,28.16909876782227,3.520347838464619,0.3490658503988659,9.0,-1.83005702211715,-0.9285350642922675,2.9476993771315487,8.776309988692079,-2.551129122314851,-5.069202191274263,5.078117210533386,9.995423595913962,27.522011476369638,13.247363347656293,28.8161860592749
65,65.32663316582914,0.4513948574292075,-0.06785893393586,0.05427268807851134,11.176415761272247,28.052056107714485,3.5748481248044,0.3490658503988659,9.0,-1.815422342051195,-0.9253801827036119,2.9554672210434734,8.736164048558926,-2.542461156388967,-5.058034208920269,5.060863302621186,9.588109068349903,27.31735763267994,12.764722454194592,28.78675458274903
66,66.33165829145727,0.44864089765921733,-0.06781536276310424,0.05423119329335828,10.74099081803708,27.912182522797572,3.629456503032267,0.3490658503988659,9.0,-1.8001029015984467,-0.9228070092542847,2.9635937229587546,8.686269724494394,-2.5353914204406003,-5.030869252528469,5.046790730802184,9.19515251616928,27.091887487777566,12.28682911990488,28.732477557817578
67,67.33668341708542,0.4460102709560868,-0.06778863348665101,0.054338659023148016,10.316261256124843,27.75002116665185,3.6839537613113533,0.3490658503988659,9.0,-1.7875285403477053,-0.919623875277878,2.970372927517954,8.656102656232049,-2.526645831717324,-5.030772637540463,5.02938231183058,8.81739962394939,26.846741692960382,11.815122888300296,28.65330064034332
68,68.34170854271356,0.44346510366474695,-0.06774990823620267,0.054333736505472296,9.90318670873271,27.56633869811696,3.7385741439762117,0.3490658503988659,9.0,-1.7739541307338282,-0.9170969656430965,2.9776604752575437,8.613950109593942,-2.5197032045547596,-5.011627895251517,5.0155627547677275,8.455873304348097,26.582578610753878,11.350500113117322,28.550098785480046
69,69.3467336683417,0.4410125549599259,-0.06770881205432167,0.054303268310990103,9.502799440601555,27.361828292026228,3.793238673052213,0.3490658503988659,9.0,-1.7605858876330598,-0.9147986953391142,2.9848548932022076,8.570302206408522,-2.513388758790765,-4.988784569771497,5.002993616095505,8.111397939688878,26.3004603712476,10.894200941514232,28.423196212804857
70,70.35175879396985,0.43867428086631494,-0.06768805165749979,0.05444285075210871,9.116138485238277,27.137199740396017,3.8477692817402067,0.3490658503988659,9.0,-1.7501833376663514,-0.9117706432530208,2.9905875429262676,8.548601763380876,-2.505069254059291,-4.996201615947782,4.986433333124929,7.784653557941618,26.001573090311663,10.447623412534936,28.272826390480372
71,71.35678391959799,0.4364041565176882,-0.06764969064231498,0.05442777735760425,8.744010825825505,26.893353344572475,3.9024604886045235,0.3490658503988659,9.0,-1.738090129517392,-0.9095918771468373,2.9971614450564195,8.509720743053267,-2.499083143380279,-4.977390457161148,4.974517757626474,7.47659455732798,25.68664045314063,10.01142709432303,28.10006623600432
72,72.36180904522612,0.4342045882903576,-0.06759887654117201,0.05430354087703649,8.387320297623646,26.631125622126625,3.9572701920577975,0.3490658503988659,9.0,-1.7249322137783412,-0.9080367100100037,3.004263834058647,8.459188585177914,-2.4948103567883506,-4.940460306779196,4.966012617318358,7.187913743157859,25.356792888063612,9.586726852089432,27.905458356189637
73,73.36683417085426,0.4321213526449132,-0.06758025338923501,0.05444356562739356,8.047061805375492,26.351314025976126,4.011856647984965,0.3490658503988659,9.0,-1.7160132555160983,-0.9052778684643209,3.009270940721986,8.441587144014793,-2.487230501937734,-4.949637030006178,4.950924634889882,6.918968499495844,25.013440529254733,9.175155111255139,27.68918752269752
74,74.3718592964824,0.4301029965609919,-0.06755007419276203,0.054481474451391454,7.723885228492262,26.054933688013094,4.066554705866397,0.3490658503988659,9.0,-1.706084819667758,-0.9031001469907608,3.0147764923217952,8.413035627664904,-2.4812472613632655,-4.941789696408456,4.939014772441054,6.6706216573622195,24.657387320363565,8.777148799622303,27.452480055662623
75,75.37688442211055,0.42814063549717374,-0.06750267256564421,0.05437395888721533,7.418522734792301,25.742952867517108,4.121403624691342,0.3490658503988659,9.0,-1.6945054788881073,-0.901712669450272,3.0210935842869784,8.368403890309175,-2.4774351981507725,-4.909697090996456,4.93142671912079,6.443458566363165,24.28976675849817,8.393586903221436,27.196138976536044
76,76.38190954773869,0.4262814614546334,-0.06748446093026321,0.054498537125198664,7.131845272157169,25.416298121641027,4.176054781648972,0.3490658503988659,9.0,-1.6866493727728258,-0.8992656940553913,3.025570135809874,8.352547624709125,-2.4707121885073766,-4.917682590024783,4.918044318881585,6.237615651562926,23.912019761213053,8.026074892751412,26.920576482069002
77,77.38693467336682,0.42447799392495994,-0.06745405660898933,0.05451914476820674,6.864355920612541,25.07605395639942,4.230818154891175,0.3490658503988659,9.0,-1.677696323910438,-0.8973996069210768,3.030582706874395,8.325452121254122,-2.4655851562431126,-4.908462294530687,4.907838770854877,6.053805061509342,23.525084161462374,7.674906779715739,26.627023751336466
78,78.39195979899498,0.4227279563010526,-0.06741162325700005,0.054439308452706926,6.616657269434881,24.72327318213569,4.285689971189383,0.3490658503988659,9.0,-1.667678048718698,-0.8960948858012641,3.036112969758567,8.28755625983025,-2.462000464427742,-4.882772927729418,4.900703308740135,5.892388183554995,23.130183639379627,7.340926355314767,26.31636272489175
79,79.39698492462311,0.42106942667074165,-0.0673956476595542,0.054562518975020693,6.389441467385428,24.35900652459673,4.340387692277222,0.3490658503988659,9.0,-1.660920941034538,-0.8938613043863308,3.0400315137874356,8.274733995628962,-2.4558637499256992,-4.891806733302121,4.888487950741839,5.753350483559993,22.728703405451093,7.025532451210863,25.989309643742367
80,80.40201005025125,0.41945799177359877,-0.06736632722401119,0.05457610606907355,6.183053525824912,23.984388173298544,4.395201964754605,0.3490658503988659,9.0,-1.652933471792467,-0.892228570130094,3.0445473028838346,8.24993542801485,-2.4513778494247185,-4.882795340694283,4.879558599287414,5.6372370392597615,22.321684242048704,6.728870012390062,25.647092104548385
81,81.40703517587939,0.4178903577682497,-0.06732255407362275,0.054473556839473226,5.997927950945929,23.600543393863216,4.450138389922078,0.3490658503988659,9.0,-1.6436066866950587,-0.8912268442150012,3.0497114747590737,8.212417638947754,-2.4486256300925184,-4.8547835242028805,4.874080204550056,5.5442319686126735,21.910377734640825,6.451623933279184,25.290709053085607
82,82.41206030150752,0.416411206734122,-0.06730975359638787,0.05460252335230063,5.834615852272262,23.208611078483806,4.504871345968068,0.3490658503988659,9.0,-1.637909378656173,-0.8891463950622427,3.0530847254247364,8.203123079224525,-2.442909643022991,-4.865913731485712,4.862702320122703,5.4740608501603285,21.49615667311937,6.1951708543841955,24.921065483848242
83,83.41708542713567,0.41497666133877825,-0.06728758868584253,0.05465449249078217,5.693289483173348,22.809757490602568,4.559689476426682,0.3490658503988659,9.0,-1.631405886307036,-0.8874996505640279,3.0568443459700827,8.185633271404356,-2.4383852496985345,-4.864529419709152,4.853696347274376,5.427102624878227,21.080120373612136,5.959476341468468,24.539394607593
84,84.42211055276381,0.4135673460734938,-0.06723877675591328,0.05450261092338026,5.574151002181121,22.405150050304368,4.61471139436808,0.3490658503988659,9.0,-1.622260245477823,-0.8869093591294569,3.061887037463662,8.145042593532928,-2.436763437311153,-4.829651146640436,4.850468069519017,5.403486910845357,20.663491711843996,5.744815093516884,24.14680838876474
85,85.42713567839195,0.41224100395470403,-0.06722214092079352,0.054586180785160664,5.477621071346939,21.995999205702358,4.669523436924104,0.3490658503988659,9.0,-1.6167663906754657,-0.8852121541347979,3.0651301650643936,8.13295091108819,-2.432100404912142,-4.834260187577087,4.841186130446797,5.402629340867732,20.247606732497403,5.552612801826146,23.744391678907313
86,86.4321608040201,0.4109695758334962,-0.06721230152492493,0.05471266035984592,5.403749303493798,21.583490662904104,4.7243067741235265,0.3490658503988659,9.0,-1.6121530442833198,-0.8833519073248305,3.06793300890172,8.126682164219908,-2.4269894188071444,-4.846253820742917,4.831012522895707,5.4246049488274615,19.83361494101477,5.382893658160134,23.33336638479344
87,87.43718592964824,0.40970692826917005,-0.06716469510885238,0.054558540896577364,5.3524644324763395,21.16878145285547,4.779366293652147,0.3490658503988659,9.0,-1.603755267986207,-0.8829218040721957,3.0725731479963883,8.08828010166644,-2.425807719832496,-4.812235176708623,4.828660307224481,5.469587116887115,19.422705201142385,5.235341748065564,22.914857704568554
88,88.44221105527637,0.40851209888076045,-0.06713996528877002,0.054568251419982984,5.324003693559875,20.753130096223618,4.834281058685896,0.3490658503988659,9.0,-1.597950621589456,-0.8817300212663766,3.0759341928747794,8.069817401432616,-2.422533323484614,-4.805616793493938,4.822142499755292,5.53678700479486,19.016114476702633,5.111220382324889,22.490145715744603
89,89.44723618090451,0.4073798932338864,-0.06713513570618741,0.05471555107996198,5.318314810408759,20.337737142633944,4.889075870424164,0.3490658503988659,9.0,-1.5943555941750436,-0.8799024219032634,3.0782056246545597,8.068154523264248,-2.4175120355026505,-4.821893259921926,4.812147439647509,5.625910585740077,18.61498212842028,5.01071903507744,22.06049215684761
90,90.45226130653265,0.40625504219368347,-0.06709593595991648,0.054610226345876055,5.335119006047302,19.923721034518138,4.94412068999489,0.3490658503988659,9.0,-1.5873476801030164,-0.879363108055697,3.0821294817505187,8.037653605599475,-2.4160302828844626,-4.796976531257371,4.809197956061455,5.737029760597401,18.220498281799937,4.933208251497203,21.62694378723634
91,91.4572864321608,0.4051855315939157,-0.06707219211978774,0.05461285301727408,5.374422120947454,19.512342622397327,4.999071979768099,0.3490658503988659,9.0,-1.5821022186259526,-0.8783314201477533,3.0851816325477364,8.020420581528402,-2.4131957436534632,-4.790082493106138,4.803555700509996,5.869273404999101,17.83376518698589,4.879570836895807,21.190920057808764
92,92.46231155778894,0.40416999753688804,-0.06706438626859712,0.0547239720614874,5.436002707795078,19.104781093801897,5.053929105866728,0.3490658503988659,9.0,-1.5786206391024187,-0.8768019674058007,3.0873629474012874,8.016467961422778,-2.4089936067808253,-4.801178977768486,4.795191191090498,6.022145356735069,17.455861206392683,4.849860058855087,20.75370098121111
93,93.46733668341707,0.40316638323540044,-0.06703110844329403,0.05464927345817778,5.519455137545191,18.70211978484574,5.1089724906111025,0.3490658503988659,9.0,-1.5726598687852598,-0.8762276360168206,3.090738728721475,7.991477958978001,-2.4074156442583186,-4.782190603607366,4.792050198118787,6.19542637796866,17.087944180358928,4.843483897121722,20.31629538933255
94,94.47236180904522,0.40221130618980616,-0.06701099825718325,0.054664226924724904,5.624556216638029,18.305581008232732,5.163938507952503,0.3490658503988659,9.0,-1.5681749790603718,-0.8752458165731549,3.093384104268647,7.977517754220636,-2.4047181175068655,-4.77809367890519,4.78668067099348,6.388186704848752,16.730979954798862,4.860925728427307,19.880182061666602
95,95.47738693467336,0.40130180214568806,-0.06700260880232362,0.05475675521615212,5.750901697826399,17.916288806819622,5.218838525335983,0.3490658503988659,9.0,-1.5649863860715925,-0.8739140207507485,3.095387810935316,7.9731432353542,-2.40105903855748,-4.786838731678769,4.779397138527387,6.599783886416669,16.385962361287756,4.902019509236129,19.44661525235149
96,96.4824120603015,0.4004033887230226,-0.06697166904609271,0.05468726888617534,5.897947090708597,17.53526350384893,5.273901702003133,0.3490658503988659,9.0,-1.5596361675682853,-0.8734168679182456,3.0984292060591168,7.950482536649862,-2.3996931223761604,-4.769494583317465,4.776678231668525,6.829764779593159,16.053974944964526,4.966129401824036,19.016552062733336
97,97.48743718592964,0.39954541933480126,-0.06694966780016498,0.05467655953427202,6.0652629201146775,17.163658549891245,5.328915986768316,0.3490658503988659,9.0,-1.5552971176518144,-0.8726603641463487,3.1009674850429376,7.935183938824765,-2.3976146453451412,-4.761935361371813,4.772540945989571,7.07712178807717,15.73584846751836,5.053404052152185,18.59146863226413
98,98.49246231155777,0.3987376225123841,-0.0669481879703273,0.05480294047357617,6.252306410464385,16.802554318156524,5.383806081492773,0.3490658503988659,9.0,-1.553092729407653,-0.8712544662331836,3.1024589944782233,7.936304416186492,-2.393751972574662,-4.7767666872502685,4.764852152465615,7.340974616424896,15.432407779522528,5.163638204503874,18.17270085679052
99,99.49748743718592,0.39793394994506104,-0.06692027979125621,0.05474366417732482,6.458357666403827,16.45283689922511,5.438881745848212,0.3490658503988659,9.0,-1.548363328972952,-0.8707980149471813,3.1051626116119464,7.916364900687144,-2.3924978829732897,-4.761772178609414,4.762355840564906,7.620798732005351,15.144696704519976,5.295916600802302,17.760977093930247
100,100.50251256281406,0.39715273760825864,-0.06688610883490892,0.05463850413167024,6.682789428836961,16.115544291984325,5.494008154619985,0.3490658503988659,9.0,-1.5431189393541453,-0.8705973490310638,3.1081040261547104,7.891595396369419,-2.3919465578999026,-4.739616024358176,4.7612584075422975,7.915541210775595,14.873440011286798,5.450037646898327,17.357648572681853
101,101.5075376884422,0.39643823044637116,-0.066893489590119,0.054812201587188275,6.924967662142865,15.791762390041917,5.548872793597718,0.3490658503988659,9.0,-1.5420357557916673,-0.8690397745139619,3.1090187459922536,7.899588075297373,-2.387667157085047,-4.762593658378161,4.752740101377939,8.223977957976375,14.619127642425024,5.625957366309354,16.96439713765881
102,102.51256281407035,0.39572809046404495,-0.06687787277067375,0.05482541209109226,7.184010315844707,15.482202055770022,5.603898694822583,0.3490658503988659,9.0,-1.5387733156656125,-0.8683042100201129,3.1109777663045444,7.889423637176191,-2.3856462102476446,-4.759879889293159,4.748717331684779,8.545547230387267,14.382785287506994,5.822473401302145,16.58161882403305
103,103.51758793969849,0.3950151567479262,-0.06683230831016032,0.054634335101121284,7.459097377434736,15.187703227423423,5.659127453631154,0.3490658503988659,9.0,-1.5326919410881963,-0.8686085770392702,3.114288628871254,7.856042666015549,-2.386482451760006,-4.724538680753842,4.750381901454666,8.879246889372517,14.165120534560455,6.0389478654969535,16.210285920286392
104,104.52261306532662,0.39436997589561923,-0.06683266256682993,0.054749799434305975,7.749475628879336,14.909324811710025,5.714065974162253,0.3490658503988659,9.0,-1.5311558830127754,-0.8674144027156572,3.115390007446956,7.858522380009401,-2.3832014847709866,-4.738614488815486,4.7438510148804065,9.22363342719284,13.966266602652132,6.275317830565831,15.852383020767919
105,105.52763819095476,0.39374679236174787,-0.06683177001519645,0.05485112134729661,8.0541784537152,14.647686895660783,5.769024314248905,0.3490658503988659,9.0,-1.5295393485094033,-0.8663124088374413,3.116521367288059,7.859769377569423,-2.380173781474211,-4.750546183706946,4.737824259086175,9.577913351988208,13.787029031126364,6.530443555442193,15.508344760195202
106,106.5326633165829,0.39310954503349005,-0.06679171024485857,0.0546878773005223,8.372234077746302,14.403386706841227,5.824244075293924,0.3490658503988659,9.0,-1.5242176670393812,-0.866548195419155,3.119430868466762,7.83081949286261,-2.38082159978328,-4.720253715556491,4.739113765476034,9.941147636029914,13.62813820046804,6.803320519462691,15.178635213214413
107,107.53768844221105,0.3925240705009996,-0.06678340942703871,0.05473530320763591,8.70272932652754,14.17733353276842,5.879264639496567,0.3490658503988659,9.0,-1.522044983622937,-0.8657581935933971,3.1208093586127794,7.826554692029127,-2.3786510876056823,-4.723864894259339,4.7347932804216635,10.311901819614544,13.48953713303071,7.093556833440537,14.86512993250613
108,108.54271356783919,0.3919674585709751,-0.06678371970002912,0.054835503339701,9.044632058455862,13.970067158761529,5.934239317577345,0.3490658503988659,9.0,-1.5207424518600658,-0.864725502946896,3.1217587932988073,7.8287365418494534,-2.3758137933731382,-4.736035389530823,4.72914554093737,10.689165873930328,13.37172901877629,7.400098242981397,14.568405298746768
109,109.54773869346732,0.391403220274741,-0.06675429029732358,0.054734578998166035,9.39688604704731,13.782020877236704,5.989414146189504,0.3490658503988659,9.0,-1.5166390359481965,-0.8647132398402148,3.124048950448322,7.808059511226808,-2.3757801007644392,-4.716215105384602,4.729078474549156,11.071913758560871,13.275284095799197,7.721858335533749,14.28875765867421
110,110.55276381909547,0.39087837913659823,-0.06674604748731437,0.05477256358507968,9.758439598321358,13.613878005836103,6.044458473465941,0.3490658503988659,9.0,-1.5146375648906605,-0.8640289048661415,3.125315900603315,7.803716558045025,-2.37389990587583,-4.718717262452716,4.725335876834485,11.458809287686233,13.200062926979376,8.058069908956483,14.02769308469283
111,111.55778894472361,0.3903776918034205,-0.06674367880810958,0.05484591253158783,10.12819317732946,13.466034962350532,6.0994730136084545,0.3490658503988659,9.0,-1.5132421415488173,-0.8631863903355811,3.1262819751989346,7.803763195994199,-2.371585116227553,-4.726973483322004,4.72072820211945,11.84874471064581,13.146343828280866,8.407641644013108,13.785726096420198
112,112.56281407035175,0.3898740977089791,-0.06671876932713906,0.05476741030398252,10.505036345894085,13.33878546166683,6.154639621144437,0.3490658503988659,9.0,-1.5097450477078427,-0.8631177164917123,3.1282507822540446,7.786622640847003,-2.3713964363922164,-4.711163271707656,4.720352627903813,12.240597750046387,13.114449525141062,8.769474941741784,13.5631213981926
113,113.56783919597989,0.3894025973573843,-0.06670960355313306,0.05479052169902871,10.887824633149217,13.23259162097341,6.2097114097495,0.3490658503988659,9.0,-1.507802083372307,-0.862559873409949,3.129462280774028,7.781472673355084,-2.3698637751214724,-4.71165951161916,4.717301808755224,12.633103145864641,13.104127956640509,9.142546120433792,13.361055285306312
114,114.57286432160802,0.38895775531027066,-0.06671120839599191,0.05488104571284739,11.275405815815878,13.147704809675364,6.264721715455963,0.3490658503988659,9.0,-1.5069179777812935,-0.8616819567583771,3.130156112629018,7.784364925419832,-2.3674517189451154,-4.722978853807074,4.712500521405715,13.025107533097923,13.115395359969991,9.525704098533833,13.180014259380737
115,115.57788944723617,0.38850586895330236,-0.0666876686810943,0.05480450381738345,11.666645319761681,13.084213893644618,6.319898661526218,0.3490658503988659,9.0,-1.503700550748805,-0.8616526930749348,3.1319632219579265,7.768299394829638,-2.367371317635648,-4.7078599112924975,4.712340479614892,13.415466065638459,13.148447831644637,9.917824573884904,13.0199799556446
116,116.58291457286431,0.3880732489213108,-0.06666804386459328,0.054751724443959975,12.060348225306283,13.042360672695446,6.375056053342694,0.3490658503988659,9.0,-1.500904249628182,-0.8615201840631522,3.133559527847919,7.755233774983567,-2.367007252117901,-4.696644364132056,4.711615793688468,13.802968213499295,13.202908412480808,10.317728237113272,12.881812932910085
117,117.58793969849245,0.3876859045505874,-0.06668152817325801,0.054910725024464944,12.455300893864074,13.022318258422022,6.430010845873177,0.3490658503988659,9.0,-1.5012447197243426,-0.8603452195374262,3.13364054969941,7.766781505852879,-2.3637790636148086,-4.719112227188,4.705189964649471,14.186471735068947,13.278340754625019,10.7241300526592,12.766295762219025
118,118.5929648241206,0.38728690646097047,-0.06666654079116582,0.054882775785077074,12.850401025595641,13.023912821593973,6.485151575225572,0.3490658503988659,9.0,-1.4989542311344608,-0.8601171217847283,3.1349775242454605,7.757066433287819,-2.3631523701898427,-4.7120289648344444,4.703942508125531,14.56483060673455,13.374955855018461,11.135971444456732,12.672869788169484
119,119.59798994974874,0.3868809694559458,-0.06662855278606854,0.054705177563596386,13.244465422703389,13.047119011497474,6.540441357744761,0.3490658503988659,9.0,-1.4945693660972492,-0.8606498546979835,3.1373126962042477,7.7303877785270405,-2.3646160418396116,-4.681372342990038,4.706856000872819,14.936875994280072,13.49236777030033,11.552054851126705,12.601870252694617
120,120.60301507537687,0.38653349772571727,-0.06663988479386963,0.05484351729156352,13.636208038868206,13.092045431259042,6.595425996946423,0.3490658503988659,9.0,-1.4948175475768568,-0.859618257683598,3.137414969957048,7.740235508313654,-2.361781752336611,-4.700812732470808,4.701214242414211,15.301591405381522,13.62963099890458,11.97082467235489,12.554459863613504
121,121.60804020100501,0.38619337548337196,-0.06664541641313344,0.05494016230478793,14.02454913363993,13.158355392590687,6.650455069505235,0.3490658503988659,9.0,-1.4945314419791478,-0.8588062818954145,3.137768205467757,7.745529160248873,-2.3595508671934327,-4.713723246579687,4.696773582730934,15.65784367340735,13.786725463779579,12.39125459387251,12.529985321401796
122,122.61306532663315,0.38582511598439495,-0.06660615288179743,0.05474865387891236,14.408411479964633,13.24571237106296,6.70576856164064,0.3490658503988659,9.0,-1.4901368142425973,-0.8594464507148198,3.1400844338076883,7.717919393893316,-2.3613097165693877,-4.681179159658032,4.700274637698574,16.004468435223,13.963418575279833,12.812354524706267,12.528006166846085
123,123.6180904522613,0.38549952147620603,-0.0666003261415599,0.05477137803141699,14.786499120624454,13.354034927842587,6.7608750081177575,0.3490658503988659,9.0,-1.4888980257484326,-0.859028350262594,3.140879754205709,7.715101959361351,-2.3601609950178335,-4.682589903439674,4.69798806481207,16.340603075292943,14.158560190394216,13.232395165955966,12.549509665290959
124,124.62311557788944,0.38520198596389615,-0.06661290414487946,0.05490804742216313,15.157716251066613,13.482920803608753,6.815873153279794,0.3490658503988659,9.0,-1.489367288559769,-0.8580512113647488,3.1408500508743904,7.725572609712011,-2.3574763279603332,-4.702049204975295,4.692644135384902,16.665245280455924,14.371659362212194,13.650187221677303,12.594182245005312
125,125.62814070351757,0.38488087895308953,-0.06658736059338453,0.05479822052097679,15.521091378208355,13.631816380415218,6.871115580281724,0.3490658503988659,9.0,-1.4863272684335178,-0.8583166596970225,3.142495964957704,7.707949538118123,-2.358205641259287,-4.682678200217557,4.69409586057705,16.977249602487095,14.602436401775474,14.064933153929616,12.661196359054962
126,126.63316582914572,0.3845865737034471,-0.06657923916182973,0.05479981215254218,15.875413868829884,13.800380269603501,6.92625102463919,0.3490658503988659,9.0,-1.4849496674192209,-0.8580359916262098,3.1433386989370016,7.70327666647923,-2.357434512072367,-4.680975533770215,4.692560899307788,17.275870897019878,14.84977062223366,14.47495684063989,12.750989916973342
127,127.63819095477386,0.3843162104650117,-0.0665861296233424,0.05489513521190189,16.219637925530098,13.988070754341605,6.981297109436702,0.3490658503988659,9.0,-1.4849793558731386,-0.8572964354340137,3.1435013222862738,7.709527971396057,-2.3554025981338906,-4.694111916682131,4.688516299192863,17.560238084159785,15.112922395529036,14.879037766900412,12.863219113154173
128,128.643216080402,0.3840327801956146,-0.06656770184682817,0.05482633519707629,16.55285178127357,14.194216877750748,7.036506654681396,0.3490658503988659,9.0,-1.482685554235837,-0.8573869524917014,3.144770872391353,7.697137372315573,-2.355651291705963,-4.6814484194545685,4.6890113329790575,17.829338317930176,15.391330958252025,15.276365244616963,12.99710279724947
129,129.64824120603015,0.383769722945397,-0.06656101725025686,0.054831655021603906,16.87396737204348,14.41824908395192,7.091645625983342,0.3490658503988659,9.0,-1.48151016104631,-0.8571162437852992,3.1454990254831894,7.69339887268245,-2.354907525647873,-4.680535165989925,4.687530839033392,18.082539748568276,15.683892323850593,15.665394995518685,13.152605844053248
130,130.65326633165827,0.3835272371137938,-0.06656684744230106,0.05491483012099325,17.18203154573448,14.659470380261636,7.1467104829454176,0.3490658503988659,9.0,-1.4815070031090845,-0.8564647943752842,3.1456607471603224,7.698738929547938,-2.3531176831039398,-4.6919363628625606,4.68396809101449,18.31911485601423,15.989711540910049,16.044948235454726,13.329229219613223
131,131.65829145728642,0.3832734788748425,-0.06655036640999333,0.054854182162619336,17.476238086317455,14.917082780834443,7.201918674701928,0.3490658503988659,9.0,-1.4794675178645398,-0.8565414329579776,3.1467913803483083,7.687752461685001,-2.3533282458793487,-4.680761873030519,4.68438722403459,18.538186045503423,16.308041634280784,16.414290127131487,13.526123927388104
132,132.66331658291455,0.3830313347875458,-0.06653713446836833,0.05481318376099657,17.755641224941307,15.190330819977971,7.257109534910848,0.3490658503988659,9.0,-1.4777544339966056,-0.8565281183773279,3.1477606445595354,7.679162679892088,-2.353291664369664,-4.672748666945554,4.684314407181734,18.739242982890854,16.637751830520017,16.77203946699176,13.742909809435925
133,133.6683417085427,0.382822220412508,-0.06655141761106256,0.05494455553881634,18.01934027793299,15.478399517153237,7.312133348101609,0.3490658503988659,9.0,-1.4785767715758082,-0.8556597365376665,3.147512284976072,7.690459326053171,-2.3509058048737304,-4.69188372405213,4.679565265296974,18.921850983889975,16.97772417366797,17.116829571976005,13.979074860638503
134,134.67336683417085,0.3825988482586163,-0.06654099777443281,0.05491809261276446,18.266724047298002,15.780354623003358,7.367314123185941,0.3490658503988659,9.0,-1.4771541431250435,-0.855589138069344,3.1483324253100475,7.683810501422083,-2.3507118371761657,-4.686260694547447,4.679179165395297,19.085169149632105,17.327173169073106,17.4482789449639,14.233536076933612
135,135.67839195979897,0.3823655851825346,-0.06651087833384904,0.05476666440927988,18.49704900130523,16.095280308045982,7.422619241373237,0.3490658503988659,9.0,-1.4739608280310286,-0.8561518318769825,3.149994593582642,7.662983640958326,-2.3522578257067197,-4.66107988155564,4.682256512949218,19.22873937221767,17.684974996064412,17.765358630392786,14.505585620027553
136,136.68341708542712,0.3821790807763063,-0.06652458373808755,0.05489003887767736,18.70943211262665,16.42225809727152,7.477656324302156,0.3490658503988659,9.0,-1.4747802035681123,-0.8553455064383276,3.1497331671613162,7.673743241038027,-2.3500424647712834,-4.679092459835821,4.677846754777679,19.35256659379007,18.049795512859458,18.066297631463232,14.794720681683584
137,137.68844221105527,0.38199800619587404,-0.06653665421347052,0.05499987496455009,18.90339937395131,16.76025977497949,7.532709008896739,0.3490658503988659,9.0,-1.4754429423503694,-0.8546128674031739,3.1495437737617173,7.683095830349743,-2.3480295555655877,-4.695016415338671,4.6738399842887715,19.456004445073965,18.42071984236128,18.350794302828653,15.099799707597706
138,138.6934673366834,0.38178123374236617,-0.06650088701714901,0.054809965935056215,19.078534379349882,17.108250555729967,7.588057559999834,0.3490658503988659,9.0,-1.4717955596124916,-0.8553893864479546,3.151408000838983,7.658223161896823,-2.3501630241068994,-4.663962410885624,4.678086732610131,19.538436082208342,18.796738170048737,18.618632676491423,15.419762941411198
139,139.69849246231155,0.3815914024905962,-0.06648752094429532,0.05476120345879345,19.23409298380268,17.465185695790503,7.643268487033162,0.3490658503988659,9.0,-1.4702234873783873,-0.8554654442270435,3.15227708181905,7.649615271651469,-2.3503719911375196,-4.655122014184414,4.678502689241,19.600118305235807,19.176479201905035,18.86806766236955,15.753892189675968
140,140.7035175879397,0.38144318019034756,-0.06651387081061934,0.054957638480074275,19.369568191228133,17.829971593161574,7.698240443623118,0.3490658503988659,9.0,-1.4722352427579193,-0.8543181961468357,3.151429975650808,7.669194912419846,-2.3472199529426363,-4.684742372377062,4.672228440217033,19.64101482373479,19.55879105328481,19.098121558721477,16.101152133038337
141,141.70854271356782,0.38126053511182334,-0.0664949386905806,0.05486857445203388,19.48484773720506,18.201519208209067,7.753495142468351,0.3490658503988659,9.0,-1.470144427126267,-0.8546073865684126,3.152538422407205,7.656214155587223,-2.3480144970958414,-4.669645788199348,4.673810009845802,19.660403302510325,19.94269129720267,19.3092921718998,16.460347119215463
142,142.71356783919597,0.3810824136531098,-0.06647409764463443,0.05476863734109643,19.579454696131663,18.578689293194312,7.808761495224565,0.3490658503988659,9.0,-1.4679237618670187,-0.8549572669940856,3.1537055179183833,7.642079634720938,-2.348975785664887,-4.652914089622457,4.675723490423505,19.658562971606777,20.326900344741393,19.500346420656548,16.83047824164723
143,143.7185929648241,0.38094512242167144,-0.06649245197027112,0.05491326878758893,19.65298612468395,18.96031452269488,7.863788271454469,0.3490658503988659,9.0,-1.4692701822695042,-0.8540870092164841,3.153164878022043,7.656006528066012,-2.346584772071822,-4.674524914501478,4.670964089117095,19.63582478416514,20.710230374497932,19.670147465202756,17.210398670891827
144,144.72361809045225,0.38078775938728443,-0.06648237779026404,0.05487731569464226,19.70545630260228,19.34528403958942,7.918994560584327,0.3490658503988659,9.0,-1.4680321036862614,-0.8541266463220688,3.1538551075006245,7.649392054941515,-2.346693674124389,-4.667881745136162,4.671180862694945,19.591763810854918,21.091586996501615,19.81914879434964,17.598981082677223
145,145.7286432160804,0.38063416096306335,-0.06647043405880962,0.05482947028493569,19.73663487314233,19.732411642758663,7.9742136680624975,0.3490658503988659,9.0,-1.466647153102606,-0.8542311947378777,3.154612021274558,7.641503402172406,-2.346980918536063,-4.6594221994020915,4.6717526333582935,19.526735376498774,21.469778098434833,19.946534369785883,17.995045187082493
146,146.73366834170852,0.3805061503873988,-0.06648127676234256,0.05492389842798648,19.746365565071798,20.120497755184534,8.029293665919212,0.3490658503988659,9.0,-1.4673457898069897,-0.853627548834116,3.1543710764717994,7.649958661228021,-2.3453224150461316,-4.673269226510855,4.668451320601411,19.44113862338492,21.843674041601126,20.051592506758677,18.39732146876794
147,147.73869346733667,0.38036540129362767,-0.06647241095853668,0.0548932918229474,19.7347644647586,20.508421542684243,8.084498179125982,0.3490658503988659,9.0,-1.4662597025290331,-0.8536552785698837,3.1549786138045417,7.644212656102674,-2.345398601869001,-4.667575052708446,4.668602973300228,19.334923702189126,22.212131425436546,20.134605227328077,18.80471165993194
148,148.7437185929648,0.38022634347087275,-0.0664600449821916,0.05484018318363207,19.701830482426548,20.89498889786737,8.139725934986194,0.3490658503988659,9.0,-1.4648711147886624,-0.8538004498794226,3.1557274229728933,7.635976061737628,-2.3457974567639117,-4.658398555152581,4.669396908773206,19.208555094069123,22.574030109762074,20.195105870783973,19.21594768597267
149,149.74874371859295,0.38011460709319916,-0.06647312017925985,0.05494536274786842,19.647594188209705,21.27898249592242,8.194798809953863,0.3490658503988659,9.0,-1.4657961260411716,-0.8531562363870453,3.1553695710042673,7.6459037071923355,-2.3440274947402973,-4.674012759345673,4.665873733667921,19.062643778153873,22.928325703922354,20.232544598265537,19.629639287922487
150,150.7537688442211,0.3799914163540083,-0.06646842565185128,0.05493833409509029,19.57235311871053,21.65931856042723,8.24998342596805,0.3490658503988659,9.0,-1.465118727613665,-0.8530788703984059,3.1557731240928635,7.643086556468308,-2.343814933433477,-4.672102610374541,4.665450622496864,18.89732098798726,23.273887116571938,20.2473852494338,20.044750004282523
151,151.75879396984922,0.37985651212556204,-0.06644572670644577,0.05481851404018171,19.476345703577138,22.034851210719175,8.305280120218434,0.3490658503988659,9.0,-1.4628290819440188,-0.8535714134932988,3.1569427757371114,7.627454559562979,-2.345168184464803,-4.652593349840387,4.668144318904561,18.713110529357937,23.60964391734268,20.23958087779634,20.46005850409567
152,152.76381909547737,0.3797559289873636,-0.0664569518354703,0.0549093177330003,19.35974092111176,22.404338599030666,8.360370243373463,0.3490658503988659,9.0,-1.4636086486038422,-0.8530113612794684,3.156645826305312,7.635955354815753,-2.3436294536535884,-4.666034332008621,4.665081418110377,18.510951985384622,23.93471676882635,20.2085298568389,20.873960429234984
153,153.76884422110552,0.37966296139457717,-0.06647250981592502,0.05502475948546547,19.222981046643437,22.766725441706317,8.415437508323905,0.3490658503988659,9.0,-1.4647678955140548,-0.8523307068239394,3.1561665350251435,7.647358855246682,-2.3417593709065714,-4.683346877340186,4.6613589489888865,18.291247566473672,24.248066969488058,20.1547145268132,21.285383913924576
154,154.77386934673365,0.37953499072807473,-0.06644411011448163,0.05486804226307919,19.06659523641181,23.121035759082595,8.470773634154535,0.3490658503988659,9.0,-1.4619995931737595,-0.8530201674094205,3.157555322292794,7.62770361579307,-2.343653648296785,-4.658158517077739,4.665129578445713,18.054358043166676,24.548577655004117,20.078832429656945,21.693493863161073
155,155.7788944723618,0.37941654743065245,-0.06642203386406327,0.05475150703311146,18.890954590550397,23.466078375736608,8.526070573096705,0.3490658503988659,9.0,-1.4598317077176317,-0.8535116833880741,3.1586567877436362,7.612702581610651,-2.345004077349437,-4.639303795551611,4.6678176576001125,17.80136611382361,24.835493196521092,19.980543067277182,22.096663554952123
156,156.78391959798995,0.3793518295391105,-0.06645694637689381,0.05498461538277856,18.69650373067945,23.800680004930875,8.581024342951652,0.3490658503988659,9.0,-1.4627475637024874,-0.852251170677172,3.1573317776408225,7.637725351900845,-2.3415408471392976,-4.6750479918685635,4.660923969318984,17.533343437682262,25.10818072492865,19.859664023676636,22.4931792849331
157,157.78894472361807,0.3792530571282602,-0.06644969375847787,0.05495533796203548,18.48403132941258,24.124094101899114,8.636238155952261,0.3490658503988659,9.0,-1.4618803072274684,-0.8523105541229948,3.1578079541119477,7.632835707365062,-2.3417040018157853,-4.6698379896586575,4.661248734758493,17.250488145547678,25.36541243880566,19.717574513277484,22.88277576499257
158,158.79396984924622,0.3791297153194109,-0.0664105705700302,0.05473111035258723,18.254164707108853,24.435318786336115,8.691644487795829,0.3490658503988659,9.0,-1.4582029009538071,-0.853352294143979,3.159621895254569,7.605714964192821,-2.3445661590003812,-4.6342482426731255,4.666945964871706,16.95377273051038,25.606421133357212,19.554556683707325,23.264216439315017
159,159.79899497487435,0.3790644831947669,-0.06643331617248385,0.05488964764321233,18.007453510079767,24.733149835595015,8.746673556651393,0.3490658503988659,9.0,-1.4600818960470847,-0.8524763442955182,3.1587837574317525,7.622348596330152,-2.3421595065711607,-4.658413870570223,4.662155433881449,16.644617807731404,25.830956215793563,19.37028921242813,23.635343455396466
160,160.8040201005025,0.37898589329027216,-0.06643787832904552,0.05493255427266272,17.744782475369647,25.01692156293043,8.801818103132089,0.3490658503988659,9.0,-1.4603061749980706,-0.8521826838603012,3.158733567817422,7.625860905936148,-2.3413526811564145,-4.664545457880651,4.660549417945728,16.323511028104406,26.03794432133916,19.166053922634887,23.9958988045217
161,161.80904522613065,0.3788864195362369,-0.06641554876077717,0.05480844180830335,17.466960452793895,25.28580665526926,8.857128354062421,0.3490658503988659,9.0,-1.4581258754691617,-0.8527302272755106,3.159827164081016,7.610352886506826,-2.3428570443258736,-4.64463626575471,4.663543908673345,15.991418209677791,26.22669723805766,18.94250269591,24.344916072480856
162,162.81407035175877,0.3788214875317449,-0.06642863038494765,0.054905201749495466,17.174761199192165,25.538802359521462,8.912220581582453,0.3490658503988659,9.0,-1.4591547656981931,-0.852172476928443,3.159389185247125,7.620086962147334,-2.341324637841612,-4.65921840569877,4.660493596686706,15.649648097930871,26.397015636254675,18.69987430045346,24.68058908278825
163,163.81909547738692,0.37874818827488715,-0.0664293165073217,0.054923508783878625,16.8691295692993,25.77529751830828,8.967391121338787,0.3490658503988659,9.0,-1.4590629591474786,-0.8520107475660526,3.1594837184208133,7.620924559728186,-2.3408802900703822,-4.661573557580592,4.6596091059548135,15.299012866425642,26.54810638171317,18.43924627217296,25.002488654903395
164,164.82412060301505,0.3786647585299958,-0.06641562175877581,0.054851900063057644,16.550995916625048,25.99458758485371,9.022651137448806,0.3490658503988659,9.0,-1.4576823655591864,-0.8523028478824942,3.1601903618313107,7.611547169549749,-2.341682829094021,-4.649919217646344,4.661206589669933,14.94059221356493,26.6794962745126,18.161399619685167,25.30967889519482
165,165.8291457286432,0.3786052568831432,-0.06642589224377407,0.05492922880598819,16.221306029783864,26.195888286951668,9.077764471157877,0.3490658503988659,9.0,-1.458469626506361,-0.8518499401222811,3.1598625712953456,7.619202774781763,-2.34043847524974,-4.661518343653172,4.658729657155086,14.575618997380158,26.79104725006848,17.86699306218757,25.600729323834855
166,166.83417085427135,0.37853997975385695,-0.06642694189495284,0.05494836476306913,15.881081237457751,26.378703351699844,9.132935970892454,0.3490658503988659,9.0,-1.4584271315408928,-0.8516913178445453,3.159928492803793,7.620264708279523,-2.340002664123438,-4.664054145150675,4.657862158931786,14.205079061565186,26.88220777710581,17.557083413350316,25.87519892629388
167,167.83919597989947,0.3784615964526412,-0.06641053060239846,0.05485875510069429,15.531356126244246,26.542511154951978,9.188215423250071,0.3490658503988659,9.0,-1.4568214403980309,-0.8520809438874241,3.160737088610039,7.608957866652262,-2.3410731528782787,-4.64964701888877,4.659993006532596,13.830094801593853,26.95264516384272,17.232617450894637,26.132377146061234
168,168.84422110552762,0.3784058617339403,-0.06641704719921096,0.054911013768935264,15.173193679918539,26.686687176380197,9.243355260898735,0.3490658503988659,9.0,-1.4572808677995472,-0.8517605106185098,3.1605606779700026,7.613876409175765,-2.340192769707495,-4.657379012995622,4.658240571153173,13.451914694204515,27.002438111991317,16.894472665632563,26.370936240769076
169,169.84924623115577,0.3783601040279221,-0.06643249018947606,0.055017053814910254,14.80768817609194,26.810846532344105,9.298442818516747,0.3490658503988659,9.0,-1.458532293089116,-0.8511716116028755,3.1600065067987275,7.624984082738208,-2.3385747829597006,-4.673508676118434,4.655019908475411,13.071635108345813,27.031345389414305,16.543741243838067,26.590347675273904
170,170.8542713567839,0.3782858571719071,-0.0664132104967885,0.054908850790022244,14.435929798351857,26.914758816965158,9.353742281689774,0.3490658503988659,9.0,-1.4566880269285545,-0.8516611523214763,3.1609234771040593,7.611661258059266,-2.33991978502996,-4.656248498394768,4.65769718501992,12.690343251241192,27.03896673356576,16.181516345462523,26.790550900364554
171,171.85929648241205,0.3782104421392536,-0.06639011714132412,0.05477780164770645,14.059063187406457,26.998013357475987,9.409064475793354,0.3490658503988659,9.0,-1.4545233595834577,-0.8522674577826563,3.1619927061551953,7.595767268200162,-2.3415855955938443,-4.635462906138614,4.661013042778728,12.309279232369862,27.02551082456829,15.808847142443051,26.970515890383684
172,172.8643216080402,0.378177406930887,-0.06641279342417916,0.05492840608209015,13.678268342058027,27.060204321964434,9.464109076993454,0.3490658503988659,9.0,-1.4564467759281992,-0.8514611715172314,3.1611131162997332,7.612042589448124,-2.339370342285973,-4.658571437122362,4.65660349884385,11.929621737191985,26.99139261300106,15.42691494692407,27.129016030927808
173,173.86934673366832,0.3781256624048584,-0.06641236801283103,0.05493461892790928,13.294653001013888,27.101369391482773,9.519297234274466,0.3490658503988659,9.0,-1.456290811540222,-0.8513812970932351,3.1612229480281027,7.611892315412017,-2.339150889109651,-4.659186920662841,4.65616666915074,11.552464339374364,26.936206843504465,15.036841662653412,27.266531939461082
174,174.87437185929647,0.37805907871184424,-0.06639302965586169,0.05482416227861454,12.909382740283256,27.12137336574149,9.574601107149224,0.3490658503988659,9.0,-1.4544535037567765,-0.8518892426818389,3.162132004318651,7.598459058654616,-2.3405464581446513,-4.6416405946579085,4.658944601115505,11.178987130774912,26.86016265655397,14.6397783497916,27.38258407492901
175,175.8793969849246,0.3780241274688308,-0.06640725916732311,0.05492186156379006,12.52368870469597,27.119997957148847,9.629699296526708,0.3490658503988659,9.0,-1.4556374029983885,-0.8513538510668466,3.1616011729246036,7.608788649937073,-2.3390754817718946,-4.656542627596026,4.656016568045973,10.810303963539228,26.763890208326607,14.237073445852714,27.476105705971086
176,176.88442211055275,0.37797865269156333,-0.06640778485286733,0.05493367283206538,12.138684312119628,27.097397639020286,9.684882983267624,0.3490658503988659,9.0,-1.4555873197431035,-0.8512511190653307,3.161656906031375,7.609360000283488,-2.3387932279174746,-4.658070673040349,4.655454731272079,10.447549108383948,26.647329063483312,13.829819515855307,27.54746621455726
177,177.8894472361809,0.37792206854479216,-0.06639390035844486,0.05485606456755434,11.755535222378285,27.05364615037738,9.740155478379178,0.3490658503988659,9.0,-1.4542503230169315,-0.8515990559864625,3.1623240284015695,7.599760643434288,-2.3397491767516785,-4.645679668160448,4.657357582909379,10.091846359896477,26.510839215220884,13.419224084860092,27.596453085533874
178,178.89447236180902,0.37788979233877756,-0.0664055974977591,0.054936868467389294,11.375472525393736,26.98876728876375,9.79527159634829,0.3490658503988659,9.0,-1.4552141691245863,-0.8511530378599566,3.161894860864476,7.608249770748453,-2.338523752020436,-4.657979785331034,4.6549183294966445,9.744212255283554,26.35513495754946,13.006732795503918,27.62239961997804
179,179.89949748743717,0.37785151154578966,-0.06640884780955056,0.05496466733483886,10.99959081477767,26.903057700811413,9.850440599240022,0.3490658503988659,9.0,-1.4554187559045784,-0.8509745047381025,3.1618262215336435,7.610725286051058,-2.3380332362995175,-4.662031055133566,4.65394193974724,9.4057515164188,26.1804400349556,12.593430113136542,27.625675366667227
180,180.9045226130653,0.3777962669507216,-0.0663912270251382,0.05486337772536839,10.62900403897091,26.796812188776432,9.90573751825926,0.3490658503988659,9.0,-1.4537605102810005,-0.8514458881615953,3.162642812198448,7.5985005905218665,-2.339328351611469,-4.645985401153902,4.656519914847645,9.077539070018044,25.987209539255023,12.180469007923776,27.60641483829784
181,181.90954773869345,0.37776206653588984,-0.06639575378907069,0.05489885051864879,10.26492900370433,26.670249542728204,9.960899512556193,0.3490658503988659,9.0,-1.4540895212681135,-0.8512317021087638,3.162512735299586,7.601895693312751,-2.338739880267752,-4.651251924652621,4.655348540795154,8.760460522088122,25.77633982255316,11.769397485320537,27.564159262903246
182,182.9145728643216,0.3777426193376338,-0.06641563574375828,0.055027383695153934,9.90846096392986,26.523780667776563,10.01597025139954,0.3490658503988659,9.0,-1.4557760962935997,-0.8505506864037918,3.1617366687018067,7.615947260000296,-2.336868804996048,-4.671017131843307,4.651624096016433,8.455476660865783,25.548415805251057,11.361445266993938,27.49914553030207
183,183.91959798994972,0.37769160531848495,-0.0663981212112104,0.05492623045535244,9.560551846486609,26.35796604169423,10.071268140828744,0.3490658503988659,9.0,-1.4541384635265657,-0.8510254878756183,3.162539958650541,7.603801946323229,-2.3381733113186147,-4.65501924886641,4.654220764272044,8.163696620820712,25.303786038786814,10.957407072152506,27.412146044601645
184,184.92462311557787,0.3776342041085645,-0.06637170619340772,0.05477144728777999,9.222328404595673,26.173251362577663,10.12661894375583,0.3490658503988659,9.0,-1.4517304159627247,-0.8517710889973621,3.163710207922491,7.585559405860855,-2.340221833564526,-4.630703491703536,4.658298423839382,7.885932333017936,25.04340821422848,10.55872447617341,27.303094510926844
185,185.92964824120602,0.37762216309594315,-0.06639540043704582,0.05492419895120407,8.894970943269298,25.970085096650077,10.181666139863067,0.3490658503988659,9.0,-1.4537820857440853,-0.8509727901591256,3.1627562131417597,7.602410601910948,-2.3380285255324944,-4.654258052988429,4.653932562790627,7.622762421786097,24.768425628304104,10.167179464752499,27.17174456499605
186,186.93467336683415,0.37759197771443276,-0.06639743121828301,0.054941786723191444,8.579283459859951,25.749228403877655,10.236847759365787,0.3490658503988659,9.0,-1.4538848007796628,-0.8508540527160723,3.1627296819901214,7.603887113704768,-2.3377022970888617,-4.656774951300522,4.65328319296466,7.375287259954702,24.47923110048929,9.783279659765201,27.01922570726602
187,187.9396984924623,0.3775440528924071,-0.06637802621764395,0.05482757781695005,8.276222720168207,25.511350265319635,10.292160013123722,0.3490658503988659,9.0,-1.4520834441059787,-0.851398691447162,3.163608356268905,7.590348996991824,-2.339198679704291,-4.6387867030355645,4.656261798103257,7.144278430487274,24.176733419532525,9.408167009849139,26.845967111106745
188,188.94472361809045,0.37752719184074224,-0.06639234527670493,0.05492222069791478,7.9868683210439695,25.257089251545906,10.347265517239205,0.3490658503988659,9.0,-1.4533102258595556,-0.8508955285981074,3.163045037557022,7.600630381762134,-2.337816251138205,-4.653321370600666,4.653510022729613,6.930149755449564,23.862153456203302,9.043586886638375,26.65202504688851
189,189.94974874371857,0.3774999833173124,-0.06639386746931399,0.05493689868546848,7.711961104130471,24.987291250959363,10.402450556694316,0.3490658503988659,9.0,-1.4533855901170607,-0.850794804725609,3.1630291422530865,7.601822301358452,-2.337539514572916,-4.655412252198835,4.652959168324523,6.733791710278981,23.536193515818063,8.690130497981961,26.438388986100662
190,190.95477386934672,0.3774610649078473,-0.06638098833247667,0.05486249579375378,7.452329216118681,24.702777804525965,10.457723989332704,0.3490658503988659,9.0,-1.4521758320519993,-0.8511425954359708,3.1636239018715346,7.592875641130232,-2.338495061696331,-4.643643793417064,4.654861220341587,6.555819988453249,23.199856913490535,8.348838443784112,26.205698695561395
191,191.95979899497485,0.37744492853874123,-0.06639268466658692,0.054940079002619525,7.208882382685623,24.40437574232487,10.512847145837735,0.3490658503988659,9.0,-1.4531711214767284,-0.850727893126298,3.16316888739417,7.601267709345754,-2.337355676464709,-4.655542055332848,4.652593231746453,6.396538654311694,22.854344237170363,8.021226111059551,25.954407247479377
192,192.964824120603,0.37742237510082144,-0.06639610680681941,0.054965969034591285,6.982255292516112,24.093025698601384,10.568021771663124,0.3490658503988659,9.0,-1.4534232216025234,-0.8505736346683722,3.163066947646007,7.6037879677837585,-2.336931854834798,-4.659398727633079,4.651749599060745,6.256626757999031,22.500554904553784,7.707883827033193,25.685496492648983
193,193.96984924623115,0.37738318810002236,-0.06637963986430499,0.05486914921490328,6.773097262752667,23.769680574786875,10.623317951700935,0.3490658503988659,9.0,-1.4519021022532745,-0.8510368886192878,3.1638076230016576,7.5923313667789065,-2.3382046346044123,-4.644162396563639,4.654283114435078,6.136590494468463,22.139539742242523,7.409604031036871,25.399821407331228
194,194.97487437185927,0.377363995618859,-0.0663847812022967,0.054905564942921925,6.582177358755473,23.435305068394765,10.678482499380692,0.3490658503988659,9.0,-1.4523147317737146,-0.8508315711233256,3.1636278683828882,7.5960782061237815,-2.337640529420437,-4.6496695094231795,4.653160242127974,6.036519209714548,21.77254916797365,7.127835507796398,25.09806096881588
195,195.97989949748742,0.3773585649801952,-0.06640475768395535,0.055031815321614184,6.410051985147866,23.090927668822047,10.733558797568579,0.3490658503988659,9.0,-1.4540357182127128,-0.8501750303753254,3.162826138312652,7.6101012522280564,-2.335836698540354,-4.669160496399465,4.649569649806748,5.9567533740849905,21.400655392172965,6.863350596210741,24.78119994547113
196,196.98492462311555,0.377321589277597,-0.06638787671979124,0.05493222277115127,6.257074731789596,22.73759524787894,10.788858425624912,0.3490658503988659,9.0,-1.452485479700873,-0.8506548406938765,3.1635782441980127,7.598365223299349,-2.337154966556195,-4.653507552339276,4.6521937112236245,5.897892844230762,21.024852309884544,6.61625661934843,24.450338185873335
197,197.9899497487437,0.3772770310611616,-0.06636127856130948,0.054774144326188226,6.123798132516169,22.376383686293337,10.84421567985877,0.3490658503988659,9.0,-1.4500921115653114,-0.8514294527606735,3.1647321148319496,7.579971705307169,-2.3392831957185565,-4.62878246387185,4.656430030366711,5.859930776756719,20.646391195395033,6.387665488275618,24.106376177191642
198,198.99497487437185,0.3772692862788502,-0.06637563272720844,0.054867230069140266,6.010791121428767,22.008400327168882,10.899324732550278,0.3490658503988659,9.0,-1.451339432668374,-0.8509427377588675,3.1641523976331967,7.590223057887404,-2.3379459572413848,-4.643126052456076,4.653768207542411,5.842614345366224,20.2665000510356,6.17896789749131,23.750300603302165
199,200.0,0.37725371641646377,-0.06638039325654531,0.0549002870930098,5.918229048514735,21.63476052255269,10.954493490227973,0.3490658503988659,9.0,-1.4517229824158502,-0.8507579802803189,3.1639837390765093,7.593656568747431,-2.3374383402409973,-4.648135037158154,4.652757777061461,5.846357872505458,19.88623699281137,5.990100224524011,23.38328405229401
